ID,Vote20,Vote21
1,棄権,棄権
2,政党A,政党A
3,政党A,政党A
4,政党B,政党A
5,政党B,政党C
6,政党A,政党C
7,その他,その他
8,政党B,政党B
9,政党A,政党A
10,政党C,政党C
11,棄権,政党B
12,政党B,政党A
13,棄権,棄権
14,政党B,政党B
15,政党C,政党C
16,DK,政党C
17,政党B,DK
18,政党A,政党A
19,政党A,政党A
20,政党A,政党A
21,政党B,政党A
22,DK,政党A
23,棄権,政党B
24,DK,政党A
25,政党D,政党D
26,DK,政党D
27,政党D,政党D
28,政党B,政党B
29,政党B,政党B
30,DK,DK
31,棄権,棄権
32,政党A,政党A
33,棄権,棄権
34,棄権,棄権
35,棄権,棄権
36,政党A,政党A
37,その他,政党A
38,その他,DK
39,棄権,棄権
40,棄権,棄権
41,政党A,政党A
42,政党A,政党A
43,その他,政党A
44,DK,政党B
45,政党B,政党B
46,棄権,DK
47,政党A,政党A
48,政党A,政党A
49,棄権,棄権
50,棄権,棄権
51,DK,DK
52,政党D,政党D
53,政党A,政党A
54,政党B,政党B
55,政党B,政党B
56,その他,その他
57,政党B,政党B
58,DK,政党A
59,政党B,棄権
60,その他,その他
61,政党A,政党A
62,政党B,政党B
63,その他,政党A
64,政党B,政党B
65,政党A,政党A
66,DK,DK
67,政党A,政党A
68,棄権,棄権
69,棄権,棄権
70,政党C,政党C
71,政党A,政党A
72,政党A,政党A
73,政党A,政党A
74,政党D,政党A
75,政党A,政党A
76,DK,DK
77,DK,棄権
78,政党A,政党A
79,棄権,棄権
80,政党C,政党B
81,その他,政党A
82,政党A,棄権
83,政党B,棄権
84,政党A,政党A
85,政党A,政党B
86,棄権,棄権
87,その他,政党A
88,政党A,政党A
89,政党D,政党D
90,政党D,政党D
91,政党B,政党B
92,政党B,政党B
93,棄権,政党C
94,棄権,棄権
95,政党A,政党A
96,DK,棄権
97,棄権,政党B
98,DK,政党A
99,棄権,棄権
100,政党B,政党A
101,その他,政党A
102,政党A,政党A
103,政党A,その他
104,政党A,政党A
105,棄権,政党A
106,政党B,政党A
107,政党A,政党A
108,その他,DK
109,政党A,政党A
110,政党B,政党B
111,その他,政党B
112,DK,政党A
113,政党A,政党A
114,政党A,政党A
115,棄権,政党A
116,政党A,政党A
117,政党D,政党B
118,政党A,政党A
119,政党B,政党A
120,政党A,政党A
121,政党A,その他
122,その他,その他
123,政党B,政党B
124,DK,政党B
125,政党B,政党B
126,政党C,DK
127,その他,政党A
128,政党B,政党B
129,政党B,政党B
130,政党A,政党A
131,政党D,政党D
132,棄権,棄権
133,政党A,政党A
134,政党D,政党D
135,政党C,政党C
136,棄権,棄権
137,棄権,棄権
138,政党B,政党A
139,棄権,棄権
140,棄権,棄権
141,政党C,政党C
142,政党A,政党A
143,政党A,政党A
144,その他,政党A
145,政党D,政党D
146,政党B,政党B
147,棄権,政党A
148,棄権,棄権
149,政党A,政党A
150,その他,政党A
151,政党A,政党A
152,政党C,棄権
153,政党B,政党B
154,政党B,政党B
155,棄権,政党A
156,棄権,棄権
157,その他,その他
158,政党A,政党A
159,政党A,政党A
160,その他,その他
161,政党A,DK
162,政党B,政党B
163,政党A,政党A
164,政党A,政党A
165,政党B,棄権
166,政党A,棄権
167,政党B,政党B
168,棄権,棄権
169,政党A,政党B
170,政党B,政党A
171,政党A,政党A
172,政党D,政党D
173,政党A,政党A
174,政党A,政党A
175,棄権,政党A
176,政党A,棄権
177,政党B,政党B
178,その他,政党A
179,政党A,政党C
180,棄権,棄権
181,DK,政党A
182,政党B,政党B
183,政党A,政党A
184,政党A,政党A
185,政党B,政党B
186,棄権,政党B
187,棄権,政党A
188,政党A,政党A
189,政党B,政党B
190,政党B,政党B
191,棄権,棄権
192,政党B,政党B
193,政党A,政党A
194,棄権,棄権
195,政党B,政党A
196,政党A,政党A
197,政党B,政党A
198,政党A,政党A
199,政党A,政党A
200,政党B,政党A
201,DK,政党D
202,政党A,政党B
203,政党B,政党A
204,政党D,棄権
205,政党A,政党A
206,政党B,政党B
207,その他,その他
208,政党B,政党B
209,政党B,政党A
210,DK,政党B
211,棄権,棄権
212,政党C,政党C
213,政党D,政党D
214,DK,棄権
215,政党A,政党A
216,その他,政党B
217,政党A,政党A
218,DK,政党A
219,棄権,政党A
220,政党B,政党B
221,政党A,政党A
222,その他,政党A
223,棄権,棄権
224,政党B,政党B
225,棄権,棄権
226,政党B,政党A
227,その他,政党B
228,棄権,棄権
229,政党B,棄権
230,政党A,政党A
231,政党A,政党A
232,政党B,政党A
233,DK,DK
234,棄権,棄権
235,政党A,政党A
236,DK,政党A
237,政党A,政党A
238,政党B,政党B
239,政党B,政党B
240,政党B,政党A
241,棄権,棄権
242,政党A,政党A
243,棄権,政党B
244,その他,政党A
245,政党A,政党B
246,政党A,政党A
247,その他,棄権
248,政党A,政党D
249,政党A,政党A
250,政党D,政党D
251,DK,棄権
252,棄権,政党B
253,政党A,政党A
254,政党B,政党B
255,棄権,政党A
256,棄権,棄権
257,政党B,政党B
258,政党B,政党B
259,政党B,政党B
260,政党B,政党B
261,棄権,棄権
262,政党A,DK
263,棄権,政党A
264,政党A,政党A
265,政党A,政党A
266,棄権,政党B
267,政党D,政党D
268,政党B,棄権
269,DK,DK
270,政党B,棄権
271,棄権,棄権
272,政党A,政党A
273,DK,政党A
274,政党C,政党C
275,政党C,棄権
276,棄権,棄権
277,政党A,政党A
278,政党B,政党B
279,棄権,政党A
280,政党C,政党C
281,政党D,政党D
282,棄権,その他
283,政党A,政党A
284,DK,DK
285,政党B,政党B
286,政党A,政党A
287,その他,政党A
288,政党A,政党A
289,DK,政党A
290,政党A,政党B
291,政党A,政党A
292,政党A,政党A
293,棄権,棄権
294,政党A,政党A
295,棄権,DK
296,政党A,棄権
297,政党B,政党B
298,棄権,棄権
299,その他,棄権
300,政党B,政党B
301,政党B,政党B
302,政党A,政党A
303,政党A,政党A
304,政党A,政党A
305,DK,政党A
306,政党B,政党B
307,政党B,政党B
308,政党B,政党B
309,その他,その他
310,政党A,政党A
311,DK,政党A
312,政党C,政党C
313,政党A,政党A
314,政党A,政党A
315,政党A,政党A
316,政党B,政党B
317,棄権,棄権
318,棄権,政党A
319,政党B,政党B
320,政党A,政党A
321,その他,その他
322,DK,棄権
323,政党A,政党A
324,棄権,棄権
325,政党A,政党A
326,政党A,政党A
327,政党B,政党B
328,政党A,政党A
329,その他,その他
330,棄権,政党A
331,政党A,政党A
332,政党B,政党B
333,DK,政党A
334,政党A,政党A
335,DK,棄権
336,棄権,棄権
337,棄権,棄権
338,その他,その他
339,政党A,政党A
340,その他,政党B
341,政党B,棄権
342,棄権,政党A
343,政党B,DK
344,DK,政党B
345,その他,その他
346,政党A,政党A
347,政党C,政党C
348,政党A,政党A
349,政党B,政党B
350,その他,政党B
351,政党A,政党A
352,政党A,政党A
353,政党A,棄権
354,政党B,政党B
355,政党B,政党B
356,政党A,政党B
357,棄権,政党A
358,棄権,棄権
359,政党A,政党A
360,DK,政党B
361,棄権,棄権
362,政党C,政党C
363,政党D,棄権
364,棄権,棄権
365,政党A,DK
366,政党A,政党A
367,政党D,棄権
368,政党A,政党A
369,その他,その他
370,政党A,政党A
371,政党A,政党A
372,政党A,政党A
373,その他,政党A
374,政党A,政党A
375,棄権,棄権
376,DK,政党A
377,DK,政党A
378,政党A,政党A
379,政党A,政党A
380,政党A,政党A
381,棄権,政党A
382,棄権,政党B
383,政党C,政党A
384,政党B,政党A
385,棄権,DK
386,その他,政党C
387,その他,政党A
388,政党B,政党A
389,政党C,DK
390,棄権,棄権
391,棄権,政党C
392,政党A,政党A
393,政党B,DK
394,DK,政党C
395,政党B,政党A
396,DK,棄権
397,政党A,政党A
398,政党A,政党A
399,DK,政党A
400,棄権,棄権
401,政党A,政党A
402,その他,政党A
403,政党A,政党A
404,政党B,政党A
405,その他,政党A
406,政党A,政党A
407,棄権,棄権
408,棄権,棄権
409,DK,DK
410,政党B,政党B
411,政党C,政党A
412,DK,DK
413,政党A,政党A
414,DK,DK
415,その他,政党A
416,その他,その他
417,その他,その他
418,棄権,棄権
419,政党A,DK
420,その他,政党A
421,政党B,政党A
422,政党C,政党A
423,政党C,政党C
424,政党A,政党A
425,DK,DK
426,政党A,DK
427,政党A,政党A
428,その他,政党A
429,棄権,棄権
430,政党A,政党A
431,棄権,政党A
432,政党A,政党A
433,政党A,政党A
434,その他,政党B
435,棄権,棄権
436,政党B,政党B
437,政党D,政党D
438,政党A,政党B
439,政党A,政党A
440,政党A,政党A
441,DK,政党A
442,政党A,政党A
443,政党A,政党A
444,政党A,政党A
445,DK,DK
446,政党B,政党B
447,その他,政党A
448,政党A,政党A
449,DK,棄権
450,その他,政党A
451,政党A,政党A
452,その他,その他
453,政党A,政党A
454,政党A,政党B
455,政党A,政党A
456,政党A,政党A
457,政党D,政党D
458,政党A,政党A
459,その他,棄権
460,棄権,棄権
461,棄権,棄権
462,DK,政党A
463,棄権,棄権
464,政党A,政党A
465,政党D,政党C
466,政党A,政党A
467,棄権,政党A
468,棄権,棄権
469,DK,政党A
470,政党B,政党B
471,政党A,政党A
472,政党D,政党D
473,政党A,DK
474,政党A,政党A
475,政党D,政党D
476,政党A,政党A
477,DK,棄権
478,DK,DK
479,政党A,政党A
480,政党B,政党B
481,政党A,政党A
482,政党B,政党A
483,棄権,棄権
484,政党A,政党A
485,棄権,政党C
486,政党A,政党A
487,棄権,政党A
488,政党B,政党B
489,政党B,政党B
490,政党A,政党A
491,政党A,政党A
492,DK,DK
493,政党A,政党A
494,棄権,政党A
495,政党C,政党C
496,棄権,DK
497,政党B,政党B
498,政党D,政党B
499,政党B,棄権
500,棄権,政党A
501,棄権,棄権
502,棄権,政党A
503,棄権,DK
504,政党B,政党B
505,政党A,政党A
506,政党A,政党A
507,DK,政党A
508,DK,DK
509,政党B,政党A
510,棄権,DK
511,DK,政党A
512,政党A,政党A
513,DK,政党C
514,政党A,政党A
515,政党B,DK
516,その他,政党B
517,棄権,棄権
518,政党D,政党A
519,棄権,政党B
520,棄権,政党A
521,DK,政党A
522,政党A,政党A
523,DK,政党B
524,棄権,棄権
525,DK,政党A
526,政党A,政党A
527,DK,政党D
528,棄権,政党A
529,政党B,その他
530,政党C,政党C
531,政党A,政党A
532,政党A,政党A
533,政党A,政党A
534,政党A,政党A
535,政党B,政党B
536,棄権,棄権
537,その他,その他
538,政党A,政党A
539,棄権,政党A
540,棄権,政党A
541,棄権,政党A
542,政党B,政党B
543,政党A,政党A
544,棄権,棄権
545,政党A,政党A
546,政党A,政党A
547,政党B,政党B
548,その他,その他
549,棄権,棄権
550,政党A,政党A
551,その他,政党A
552,政党D,政党D
553,その他,政党B
554,政党C,政党C
555,政党A,政党A
556,棄権,棄権
557,政党A,政党A
558,政党B,政党B
559,DK,棄権
560,棄権,棄権
561,DK,DK
562,その他,その他
563,政党A,政党A
564,政党C,政党C
565,政党B,政党B
566,政党A,政党A
567,DK,政党A
568,政党D,政党D
569,その他,政党A
570,政党A,政党B
571,棄権,棄権
572,政党A,政党A
573,政党A,政党A
574,政党B,政党B
575,棄権,政党A
576,政党C,政党C
577,政党D,政党D
578,棄権,政党A
579,政党A,政党A
580,政党B,政党A
581,DK,DK
582,政党A,政党A
583,DK,棄権
584,政党B,その他
585,政党A,政党A
586,政党A,政党A
587,政党B,政党B
588,政党B,政党B
589,その他,その他
590,政党B,政党B
591,政党A,政党A
592,政党B,政党B
593,政党B,政党B
594,政党B,政党B
595,政党B,その他
596,政党A,政党A
597,政党B,政党A
598,政党A,政党A
599,政党B,政党B
600,政党B,棄権
601,政党A,政党A
602,その他,政党A
603,DK,政党B
604,政党B,政党B
605,政党B,政党B
606,政党A,政党A
607,政党B,政党B
608,その他,政党C
609,政党A,政党A
610,政党B,政党A
611,政党A,政党A
612,政党B,政党A
613,政党A,政党A
614,政党B,政党A
615,その他,政党A
616,政党A,政党C
617,政党A,棄権
618,政党A,政党A
619,棄権,政党A
620,政党B,政党A
621,DK,その他
622,政党A,政党A
623,政党B,政党B
624,政党B,政党A
625,政党A,政党A
626,政党B,政党A
627,その他,政党A
628,政党B,政党B
629,DK,DK
630,その他,DK
631,その他,政党A
632,DK,政党C
633,政党A,政党A
634,棄権,DK
635,政党B,棄権
636,棄権,棄権
637,棄権,棄権
638,政党A,政党A
639,政党A,政党A
640,DK,DK
641,政党B,政党B
642,政党A,政党A
643,政党A,政党A
644,政党C,政党C
645,政党A,政党A
646,DK,DK
647,DK,棄権
648,政党A,政党A
649,政党A,政党A
650,その他,政党C
651,政党B,政党B
652,政党A,政党A
653,政党B,政党B
654,棄権,棄権
655,政党A,政党A
656,その他,政党A
657,DK,DK
658,その他,政党A
659,DK,政党A
660,政党A,政党A
661,DK,政党A
662,政党A,政党B
663,政党A,政党A
664,政党A,政党A
665,政党B,政党B
666,棄権,政党A
667,棄権,棄権
668,DK,棄権
669,その他,政党A
670,政党B,政党B
671,DK,DK
672,政党B,DK
673,棄権,棄権
674,政党B,政党B
675,政党B,政党B
676,棄権,棄権
677,棄権,棄権
678,DK,政党B
679,DK,DK
680,政党B,政党B
681,政党A,政党A
682,政党B,政党D
683,政党B,政党A
684,DK,DK
685,政党B,政党B
686,政党A,政党B
687,政党A,政党A
688,DK,DK
689,政党D,政党D
690,DK,政党B
691,その他,政党A
692,政党A,政党A
693,その他,政党B
694,政党A,政党A
695,政党C,政党A
696,政党A,棄権
697,DK,政党A
698,政党B,棄権
699,政党A,政党A
700,その他,政党A
701,その他,棄権
702,政党A,政党A
703,政党A,政党A
704,その他,政党B
705,DK,DK
706,棄権,政党A
707,政党A,政党A
708,政党A,政党A
709,棄権,政党A
710,DK,政党A
711,政党D,政党D
712,政党A,政党A
713,政党D,政党D
714,棄権,棄権
715,政党A,政党A
716,政党B,政党B
717,政党B,政党A
718,政党B,政党B
719,その他,政党B
720,政党B,棄権
721,棄権,棄権
722,その他,政党B
723,政党A,政党A
724,棄権,棄権
725,DK,政党A
726,棄権,棄権
727,棄権,棄権
728,政党A,政党A
729,政党A,政党A
730,政党B,政党B
731,政党C,政党C
732,政党B,政党B
733,その他,政党A
734,DK,DK
735,政党B,政党B
736,政党B,政党B
737,政党A,政党A
738,政党A,棄権
739,政党D,政党A
740,政党A,政党A
741,棄権,棄権
742,政党A,政党A
743,政党D,政党D
744,DK,政党A
745,政党B,政党B
746,棄権,棄権
747,その他,その他
748,その他,その他
749,DK,政党A
750,政党B,政党B
751,政党A,政党A
752,政党A,政党A
753,政党C,政党C
754,その他,政党B
755,棄権,政党A
756,政党A,政党A
757,政党A,政党A
758,棄権,棄権
759,政党A,政党A
760,政党B,政党B
761,DK,政党A
762,棄権,棄権
763,政党B,DK
764,DK,政党D
765,政党A,政党A
766,政党C,政党A
767,政党B,政党B
768,その他,政党A
769,政党A,政党A
770,その他,その他
771,棄権,DK
772,政党A,政党A
773,棄権,政党B
774,政党A,政党A
775,政党C,政党C
776,政党A,政党A
777,政党D,政党D
778,政党A,政党B
779,政党A,政党A
780,政党A,政党A
781,政党A,政党A
782,政党B,政党B
783,政党A,政党A
784,政党B,政党A
785,政党B,政党B
786,その他,政党A
787,政党A,政党A
788,棄権,政党A
789,その他,政党A
790,棄権,棄権
791,政党A,政党A
792,政党B,政党A
793,棄権,棄権
794,棄権,棄権
795,政党A,政党A
796,その他,政党A
797,その他,DK
798,政党B,政党B
799,政党B,政党B
800,その他,棄権
801,政党A,棄権
802,政党B,政党A
803,政党A,政党A
804,DK,DK
805,政党A,政党A
806,政党A,政党A
807,政党A,政党A
808,その他,政党A
809,政党A,政党A
810,政党C,政党A
811,政党B,政党B
812,棄権,政党A
813,政党B,政党B
814,政党A,政党A
815,政党B,政党B
816,その他,政党B
817,DK,政党C
818,政党A,政党B
819,DK,棄権
820,政党B,政党B
821,政党A,棄権
822,政党A,政党A
823,その他,棄権
824,DK,DK
825,棄権,政党B
826,政党A,政党A
827,政党B,政党A
828,政党A,政党A
829,政党B,政党B
830,政党A,政党A
831,棄権,DK
832,その他,その他
833,棄権,政党A
834,政党A,政党A
835,政党A,政党A
836,政党D,政党D
837,政党A,政党A
838,DK,棄権
839,その他,棄権
840,政党D,政党D
841,政党A,政党A
842,政党A,政党A
843,政党A,政党A
844,政党B,政党A
845,その他,政党A
846,棄権,棄権
847,政党A,政党A
848,政党A,政党A
849,DK,DK
850,棄権,棄権
851,政党A,政党A
852,棄権,政党A
853,政党A,政党A
854,政党A,政党A
855,政党A,政党A
856,その他,政党A
857,その他,DK
858,政党A,政党A
859,政党A,政党A
860,政党B,棄権
861,その他,政党B
862,棄権,棄権
863,政党B,政党B
864,その他,政党A
865,政党D,政党A
866,政党A,政党A
867,政党A,政党A
868,政党C,政党A
869,政党C,政党C
870,政党A,政党A
871,政党A,政党A
872,政党B,政党D
873,棄権,棄権
874,政党A,政党A
875,政党A,政党B
876,その他,政党A
877,政党A,その他
878,政党B,政党A
879,棄権,棄権
880,棄権,政党A
881,棄権,政党A
882,政党A,政党A
883,政党A,政党A
884,政党A,政党A
885,棄権,棄権
886,政党A,政党A
887,DK,政党A
888,棄権,棄権
889,棄権,棄権
890,政党D,政党D
891,政党A,政党A
892,DK,政党A
893,DK,棄権
894,政党B,棄権
895,DK,DK
896,DK,DK
897,政党B,政党B
898,棄権,棄権
899,政党A,政党A
900,政党A,政党A
901,棄権,棄権
902,政党A,政党A
903,その他,政党A
904,政党A,政党A
905,DK,政党A
906,DK,政党A
907,棄権,政党A
908,政党B,棄権
909,政党A,政党A
910,政党A,政党A
911,棄権,棄権
912,政党A,政党A
913,政党B,政党A
914,DK,DK
915,棄権,棄権
916,政党C,政党C
917,政党C,政党A
918,政党A,政党A
919,政党A,政党A
920,棄権,政党A
921,棄権,棄権
922,政党A,政党A
923,DK,政党A
924,棄権,棄権
925,その他,政党B
926,政党A,政党A
927,政党B,その他
928,その他,政党B
929,政党B,政党B
930,政党A,政党A
931,その他,政党A
932,政党A,政党A
933,DK,DK
934,その他,政党A
935,棄権,棄権
936,DK,政党D
937,政党D,政党D
938,政党A,政党A
939,政党B,政党A
940,政党D,政党D
941,その他,政党A
942,政党B,政党B
943,政党A,政党A
944,政党C,政党C
945,政党A,棄権
946,その他,政党A
947,その他,政党A
948,棄権,政党A
949,棄権,棄権
950,その他,その他
951,政党C,政党C
952,DK,政党A
953,政党A,政党B
954,棄権,棄権
955,政党C,政党C
956,政党C,政党A
957,政党B,政党B
958,棄権,政党A
959,DK,DK
960,DK,政党A
961,政党B,政党B
962,政党D,政党B
963,DK,棄権
964,政党B,政党B
965,政党C,政党A
966,政党B,政党B
967,政党A,政党A
968,政党B,棄権
969,棄権,棄権
970,政党A,政党A
971,棄権,DK
972,DK,政党A
973,棄権,政党A
974,政党A,政党A
975,政党B,政党B
976,DK,政党A
977,DK,棄権
978,政党A,政党A
979,棄権,棄権
980,その他,政党B
981,棄権,棄権
982,DK,政党B
983,DK,政党A
984,棄権,その他
985,DK,政党A
986,政党C,政党C
987,棄権,政党B
988,政党A,DK
989,棄権,棄権
990,政党A,政党A
991,政党A,政党A
992,政党A,政党A
993,政党B,政党B
994,政党B,政党A
995,政党A,政党A
996,棄権,DK
997,棄権,棄権
998,政党A,政党A
999,その他,政党A
1000,DK,棄権
1001,政党A,政党A
1002,棄権,政党A
1003,政党A,政党A
1004,政党D,政党D
1005,政党B,政党B
1006,政党A,政党A
1007,棄権,棄権
1008,棄権,棄権
1009,政党B,政党B
1010,その他,政党A
1011,棄権,棄権
1012,その他,その他
1013,DK,DK
1014,棄権,政党A
1015,棄権,棄権
1016,棄権,その他
1017,政党A,政党A
1018,その他,政党A
1019,棄権,棄権
1020,政党A,政党A
1021,政党A,政党A
1022,政党A,政党A
1023,その他,政党B
1024,政党A,政党A
1025,政党B,政党A
1026,DK,DK
1027,政党A,政党A
1028,政党B,政党B
1029,棄権,棄権
1030,政党A,政党A
1031,政党A,政党A
1032,棄権,政党A
1033,棄権,棄権
1034,政党A,棄権
1035,棄権,政党A
1036,政党A,政党A
1037,政党A,政党A
1038,政党C,政党C
1039,政党D,政党D
1040,政党B,政党B
1041,DK,政党A
1042,政党A,政党A
1043,政党A,政党A
1044,棄権,棄権
1045,棄権,政党B
1046,政党A,政党A
1047,政党B,政党B
1048,棄権,棄権
1049,棄権,その他
1050,政党A,政党A
1051,政党B,政党B
1052,政党A,政党A
1053,棄権,棄権
1054,政党A,政党A
1055,政党A,政党A
1056,政党A,政党A
1057,政党A,政党A
1058,政党A,DK
1059,政党C,政党C
1060,政党D,政党D
1061,政党A,政党A
1062,政党A,政党A
1063,政党A,政党A
1064,政党B,政党B
1065,政党A,政党A
1066,政党B,政党C
1067,政党B,政党B
1068,政党A,政党A
1069,政党A,政党A
1070,政党A,政党C
1071,政党B,政党A
1072,DK,DK
1073,その他,政党A
1074,政党A,政党A
1075,政党A,政党B
1076,政党B,政党B
1077,政党A,政党B
1078,その他,棄権
1079,政党B,政党B
1080,DK,政党A
1081,政党C,政党C
1082,政党A,政党A
1083,政党C,政党C
1084,政党B,政党B
1085,棄権,政党B
1086,政党B,政党B
1087,棄権,政党A
1088,その他,政党B
1089,DK,政党A
1090,DK,DK
1091,政党B,政党B
1092,政党B,政党B
1093,政党B,棄権
1094,政党A,政党A
1095,政党A,政党A
1096,政党A,政党A
1097,政党A,政党A
1098,棄権,棄権
1099,その他,政党C
1100,政党A,政党A
1101,政党B,政党B
1102,政党A,政党A
1103,政党A,政党C
1104,棄権,政党A
1105,棄権,棄権
1106,DK,政党A
1107,DK,DK
1108,政党A,政党A
1109,政党B,政党A
1110,政党A,政党A
1111,DK,DK
1112,政党A,政党A
1113,政党B,棄権
1114,政党D,政党A
1115,政党D,政党A
1116,政党A,政党A
1117,DK,政党B
1118,棄権,政党A
1119,その他,政党A
1120,棄権,棄権
1121,政党B,政党A
1122,棄権,棄権
1123,政党D,政党D
1124,政党A,政党A
1125,政党A,政党A
1126,その他,その他
1127,政党C,政党C
1128,政党A,政党A
1129,棄権,棄権
1130,DK,政党A
1131,その他,政党A
1132,DK,政党A
1133,政党B,政党B
1134,棄権,DK
1135,棄権,棄権
1136,政党A,政党A
1137,政党A,政党A
1138,政党B,政党B
1139,DK,棄権
1140,棄権,棄権
1141,棄権,棄権
1142,棄権,DK
1143,政党A,政党A
1144,政党A,政党A
1145,棄権,棄権
1146,政党A,政党A
1147,DK,その他
1148,棄権,棄権
1149,政党B,政党B
1150,政党A,政党A
1151,政党B,政党A
1152,政党C,政党C
1153,政党D,政党A
1154,政党A,政党A
1155,政党A,政党A
1156,政党B,政党B
1157,棄権,棄権
1158,政党D,政党D
1159,政党A,政党A
1160,棄権,棄権
1161,棄権,棄権
1162,その他,政党B
1163,棄権,棄権
1164,DK,DK
1165,棄権,政党A
1166,政党A,政党A
1167,政党A,政党A
1168,棄権,政党B
1169,棄権,棄権
1170,政党A,政党A
1171,政党D,政党D
1172,棄権,棄権
1173,政党A,棄権
1174,政党A,政党A
1175,政党A,政党A
1176,政党A,政党C
1177,政党A,政党A
1178,政党C,政党C
1179,政党B,政党B
1180,政党B,棄権
1181,政党A,政党A
1182,政党A,政党A
1183,政党D,政党D
1184,DK,棄権
1185,政党D,政党D
1186,DK,棄権
1187,政党C,政党C
1188,政党B,政党B
1189,政党A,政党A
1190,政党A,政党A
1191,政党D,政党D
1192,政党A,政党A
1193,棄権,棄権
1194,DK,政党C
1195,棄権,棄権
1196,その他,政党A
1197,政党C,政党C
1198,政党B,政党B
1199,政党B,政党A
1200,政党A,政党A
1201,政党A,政党A
1202,棄権,棄権
1203,政党B,政党B
1204,その他,政党A
1205,政党A,政党A
1206,政党C,政党A
1207,政党A,政党A
1208,その他,その他
1209,DK,DK
1210,政党B,政党A
1211,棄権,棄権
1212,政党A,政党A
1213,政党B,政党B
1214,棄権,政党A
1215,政党A,政党A
1216,政党A,政党A
1217,政党A,政党A
1218,DK,政党A
1219,棄権,棄権
1220,棄権,棄権
1221,DK,DK
1222,棄権,政党A
1223,政党B,政党B
1224,その他,その他
1225,その他,政党A
1226,政党D,棄権
1227,政党A,政党A
1228,政党A,政党A
1229,棄権,棄権
1230,DK,棄権
1231,政党B,政党B
1232,政党A,政党A
1233,政党B,政党A
1234,政党A,棄権
1235,政党C,棄権
1236,棄権,棄権
1237,棄権,政党A
1238,政党A,政党B
1239,その他,その他
1240,政党B,政党B
1241,棄権,棄権
1242,政党B,政党B
1243,棄権,棄権
1244,政党A,政党A
1245,その他,政党B
1246,DK,DK
1247,DK,DK
1248,政党A,政党A
1249,政党B,政党B
1250,政党A,政党B
1251,政党A,政党A
1252,DK,棄権
1253,DK,政党A
1254,政党A,政党A
1255,棄権,棄権
1256,政党A,政党A
1257,政党A,政党A
1258,その他,政党B
1259,政党A,政党A
1260,政党B,政党B
1261,政党B,棄権
1262,その他,その他
1263,政党A,政党A
1264,政党A,政党A
1265,政党A,政党A
1266,棄権,DK
1267,その他,政党A
1268,DK,DK
1269,その他,政党A
1270,政党C,政党A
1271,その他,政党A
1272,政党A,政党A
1273,政党A,政党A
1274,政党B,政党B
1275,その他,政党A
1276,政党A,政党A
1277,政党A,政党A
1278,政党A,政党A
1279,政党C,政党B
1280,DK,政党A
1281,政党A,DK
1282,DK,政党A
1283,政党A,政党A
1284,政党A,政党B
1285,その他,政党B
1286,棄権,DK
1287,政党B,政党B
1288,政党C,棄権
1289,DK,DK
1290,政党B,政党B
1291,政党D,政党D
1292,DK,政党C
1293,DK,DK
1294,政党D,政党A
1295,政党A,政党A
1296,政党A,政党A
1297,政党B,棄権
1298,政党A,政党A
1299,棄権,棄権
1300,棄権,棄権
1301,棄権,棄権
1302,DK,政党C
1303,政党B,政党B
1304,政党A,政党A
1305,棄権,政党A
1306,政党D,政党D
1307,政党B,棄権
1308,政党B,政党B
1309,DK,政党A
1310,政党D,政党D
1311,棄権,政党A
1312,政党D,政党D
1313,政党A,政党A
1314,政党B,政党A
1315,政党A,政党A
1316,政党A,政党A
1317,その他,政党B
1318,DK,棄権
1319,棄権,政党A
1320,棄権,政党A
1321,棄権,DK
1322,DK,DK
1323,棄権,棄権
1324,その他,政党A
1325,政党B,政党B
1326,棄権,棄権
1327,棄権,DK
1328,政党B,政党B
1329,政党A,政党A
1330,政党A,政党A
1331,その他,政党A
1332,政党B,DK
1333,政党B,政党B
1334,政党A,政党A
1335,政党A,DK
1336,DK,DK
1337,その他,政党B
1338,政党B,政党A
1339,政党A,政党A
1340,政党B,政党B
1341,政党B,政党B
1342,政党A,政党A
1343,棄権,DK
1344,その他,棄権
1345,政党A,政党A
1346,政党D,政党D
1347,政党A,政党A
1348,政党A,政党A
1349,政党A,政党D
1350,棄権,棄権
1351,DK,その他
1352,政党B,政党B
1353,棄権,棄権
1354,棄権,DK
1355,DK,棄権
1356,政党B,政党B
1357,政党A,政党A
1358,棄権,棄権
1359,棄権,棄権
1360,その他,政党A
1361,政党B,政党A
1362,政党A,政党A
1363,DK,DK
1364,政党D,政党D
1365,その他,棄権
1366,政党A,政党B
1367,政党B,棄権
1368,政党A,棄権
1369,政党A,政党A
1370,政党A,政党A
1371,棄権,DK
1372,棄権,棄権
1373,政党A,政党A
1374,政党A,政党A
1375,政党B,政党B
1376,政党B,政党A
1377,棄権,政党D
1378,政党B,棄権
1379,政党B,政党A
1380,政党A,その他
1381,棄権,棄権
1382,棄権,政党A
1383,政党D,政党D
1384,政党A,政党A
1385,政党A,棄権
1386,政党A,政党B
1387,政党A,棄権
1388,政党B,政党B
1389,DK,政党B
1390,政党C,政党C
1391,政党B,政党A
1392,棄権,棄権
1393,その他,政党A
1394,政党A,政党A
1395,棄権,棄権
1396,DK,DK
1397,政党B,棄権
1398,その他,DK
1399,政党A,DK
1400,棄権,棄権
1401,政党B,政党B
1402,政党A,政党A
1403,政党A,政党A
1404,政党B,政党A
1405,DK,DK
1406,政党C,DK
1407,DK,DK
1408,棄権,政党A
1409,棄権,棄権
1410,政党A,政党A
1411,DK,DK
1412,政党B,DK
1413,DK,政党A
1414,政党B,政党B
1415,政党A,政党A
1416,その他,政党A
1417,DK,政党C
1418,政党B,政党B
1419,DK,政党A
1420,政党A,政党A
1421,DK,政党A
1422,政党A,政党A
1423,棄権,棄権
1424,DK,政党A
1425,政党A,政党A
1426,棄権,政党D
1427,政党A,政党A
1428,政党B,DK
1429,政党B,政党B
1430,DK,政党A
1431,政党A,政党A
1432,政党B,政党A
1433,棄権,棄権
1434,棄権,棄権
1435,政党B,政党B
1436,政党A,政党B
1437,その他,政党A
1438,政党B,政党B
1439,DK,政党A
1440,DK,DK
1441,棄権,棄権
1442,棄権,政党A
1443,政党B,政党B
1444,政党B,政党B
1445,DK,政党B
1446,政党B,政党C
1447,その他,政党A
1448,DK,政党A
1449,政党C,政党C
1450,政党B,DK
1451,政党B,政党B
1452,政党B,政党B
1453,政党A,政党A
1454,政党A,政党B
1455,政党B,政党B
1456,政党A,政党A
1457,政党A,政党A
1458,政党A,政党A
1459,政党A,政党A
1460,政党A,政党A
1461,政党B,政党B
1462,政党A,政党A
1463,政党A,政党A
1464,政党A,政党A
1465,棄権,政党A
1466,政党A,政党A
1467,政党A,政党A
1468,政党A,政党A
1469,政党A,政党B
1470,棄権,棄権
1471,政党A,政党A
1472,政党A,政党A
1473,政党A,政党A
1474,政党A,政党A
1475,棄権,棄権
1476,政党D,政党B
1477,政党C,政党C
1478,政党A,政党A
1479,政党A,政党A
1480,政党B,政党B
1481,政党A,政党A
1482,政党C,政党C
1483,政党A,政党A
1484,棄権,棄権
1485,政党A,政党A
1486,その他,その他
1487,その他,政党D
1488,政党B,政党A
1489,政党D,棄権
1490,政党A,政党A
1491,政党A,政党A
1492,政党D,政党D
1493,DK,政党A
1494,棄権,棄権
1495,政党C,政党A
1496,政党B,棄権
1497,DK,棄権
1498,棄権,棄権
1499,政党B,政党B
1500,その他,その他
1501,政党B,政党B
1502,棄権,棄権
1503,政党B,政党B
1504,DK,DK
1505,政党C,政党C
1506,棄権,棄権
1507,棄権,棄権
1508,その他,その他
1509,棄権,政党A
1510,棄権,棄権
1511,棄権,棄権
1512,棄権,政党A
1513,政党D,その他
1514,政党D,政党D
1515,棄権,棄権
1516,政党A,政党A
1517,政党A,政党A
1518,政党B,政党A
1519,その他,その他
1520,棄権,棄権
1521,政党B,政党A
1522,政党A,DK
1523,政党A,政党A
1524,政党B,政党B
1525,DK,DK
1526,棄権,政党B
1527,政党A,政党A
1528,棄権,政党A
1529,DK,政党D
1530,政党A,政党A
1531,棄権,棄権
1532,DK,DK
1533,その他,棄権
1534,政党B,棄権
1535,政党B,政党B
1536,政党A,政党A
1537,政党A,政党A
1538,その他,DK
1539,政党B,政党B
1540,政党B,政党B
1541,政党B,政党B
1542,政党B,政党B
1543,棄権,棄権
1544,政党A,政党A
1545,政党A,政党A
1546,政党B,政党B
1547,DK,DK
1548,棄権,棄権
1549,政党A,政党A
1550,政党A,政党A
1551,政党A,政党A
1552,棄権,棄権
1553,政党B,政党B
1554,その他,政党A
1555,政党A,政党A
1556,政党C,政党C
1557,棄権,棄権
1558,その他,棄権
1559,棄権,棄権
1560,政党A,政党A
1561,政党B,棄権
1562,政党D,政党D
1563,政党B,政党A
1564,その他,政党A
1565,棄権,政党A
1566,政党A,政党A
1567,政党A,政党C
1568,政党B,政党B
1569,政党B,DK
1570,政党D,政党B
1571,政党A,政党A
1572,政党A,政党A
1573,政党A,DK
1574,政党A,政党A
1575,政党A,政党A
1576,政党A,政党A
1577,棄権,棄権
1578,政党B,政党B
1579,DK,DK
1580,政党B,政党B
1581,棄権,棄権
1582,DK,DK
1583,その他,政党A
1584,政党B,政党B
1585,DK,政党A
1586,政党B,政党B
1587,政党D,政党D
1588,政党A,その他
1589,政党B,政党B
1590,DK,DK
1591,棄権,DK
1592,その他,政党A
1593,政党D,政党A
1594,政党B,政党A
1595,政党A,政党A
1596,政党D,政党D
1597,政党A,政党A
1598,棄権,棄権
1599,政党A,政党B
1600,棄権,政党B
1601,棄権,政党A
1602,棄権,棄権
1603,その他,DK
1604,その他,政党A
1605,その他,その他
1606,その他,政党A
1607,政党A,政党C
1608,棄権,棄権
1609,政党B,政党B
1610,政党B,政党B
1611,政党A,政党A
1612,政党B,政党B
1613,棄権,棄権
1614,政党B,その他
1615,棄権,棄権
1616,政党A,政党A
1617,政党B,棄権
1618,政党A,政党A
1619,棄権,棄権
1620,その他,政党B
1621,政党A,政党A
1622,その他,その他
1623,政党A,政党A
1624,政党B,政党B
1625,その他,棄権
1626,その他,政党B
1627,棄権,棄権
1628,政党B,政党B
1629,政党A,政党A
1630,DK,DK
1631,政党A,政党A
1632,DK,DK
1633,政党C,政党A
1634,政党B,政党A
1635,政党B,棄権
1636,政党B,政党B
1637,その他,政党B
1638,政党B,政党A
1639,棄権,棄権
1640,政党B,政党A
1641,政党B,政党B
1642,政党A,政党C
1643,政党B,政党B
1644,政党A,政党A
1645,棄権,棄権
1646,政党A,政党A
1647,政党B,政党A
1648,政党B,政党B
1649,政党C,政党C
1650,その他,政党B
1651,棄権,DK
1652,政党B,政党B
1653,政党A,政党A
1654,政党A,政党A
1655,政党A,政党A
1656,政党A,政党A
1657,政党C,政党C
1658,政党A,政党A
1659,政党B,政党B
1660,棄権,棄権
1661,政党A,政党A
1662,政党B,政党B
1663,その他,その他
1664,棄権,棄権
1665,政党A,政党A
1666,棄権,棄権
1667,DK,DK
1668,政党A,DK
1669,政党A,政党A
1670,政党A,政党A
1671,棄権,政党A
1672,その他,政党D
1673,政党B,政党B
1674,その他,政党B
1675,DK,政党B
1676,政党A,政党A
1677,政党B,政党B
1678,その他,政党A
1679,棄権,棄権
1680,その他,政党A
1681,DK,政党A
1682,政党A,政党A
1683,政党A,政党A
1684,DK,DK
1685,政党B,政党B
1686,政党A,政党A
1687,政党A,DK
1688,政党B,政党B
1689,政党A,政党A
1690,政党A,政党A
1691,DK,DK
1692,その他,政党A
1693,政党C,政党A
1694,その他,政党C
1695,政党B,政党B
1696,政党A,政党A
1697,政党A,政党A
1698,DK,政党A
1699,政党D,政党D
1700,政党A,政党A
1701,棄権,棄権
1702,DK,DK
1703,政党A,政党A
1704,政党B,政党B
1705,棄権,棄権
1706,政党A,政党A
1707,政党B,政党B
1708,政党A,政党A
1709,棄権,棄権
1710,政党A,政党A
1711,政党A,政党A
1712,政党A,政党A
1713,政党A,政党B
1714,政党B,政党B
1715,政党B,政党B
1716,政党A,政党A
1717,その他,その他
1718,政党B,政党B
1719,政党A,政党A
1720,棄権,棄権
1721,その他,その他
1722,その他,その他
1723,政党A,政党A
1724,政党B,DK
1725,政党B,政党A
1726,棄権,棄権
1727,政党A,政党A
1728,政党B,政党B
1729,政党A,政党A
1730,DK,政党A
1731,政党A,政党A
1732,棄権,棄権
1733,棄権,棄権
1734,その他,その他
1735,棄権,棄権
1736,政党A,政党A
1737,DK,政党A
1738,棄権,政党A
1739,政党D,政党A
1740,DK,政党A
1741,政党A,政党A
1742,棄権,政党A
1743,棄権,政党A
1744,棄権,政党A
1745,棄権,棄権
1746,政党A,政党B
1747,棄権,棄権
1748,DK,棄権
1749,DK,政党B
1750,政党A,政党A
1751,政党B,政党A
1752,政党A,政党B
1753,棄権,棄権
1754,その他,その他
1755,政党D,棄権
1756,棄権,棄権
1757,政党A,政党A
1758,棄権,棄権
1759,政党A,政党A
1760,棄権,棄権
1761,政党D,政党D
1762,棄権,政党A
1763,政党A,政党A
1764,棄権,棄権
1765,政党A,政党C
1766,政党B,政党B
1767,政党A,政党A
1768,棄権,棄権
1769,政党B,政党B
1770,棄権,棄権
1771,政党A,その他
1772,棄権,棄権
1773,政党A,政党A
1774,政党B,政党B
1775,棄権,その他
1776,棄権,棄権
1777,棄権,棄権
1778,政党A,政党A
1779,政党B,政党B
1780,政党A,政党A
1781,政党A,政党A
1782,政党A,政党A
1783,政党A,政党A
1784,政党A,政党A
1785,棄権,政党A
1786,政党A,政党A
1787,棄権,政党A
1788,政党A,政党A
1789,政党B,政党B
1790,政党A,政党A
1791,政党A,政党A
1792,政党A,棄権
1793,棄権,政党B
1794,政党D,政党D
1795,政党A,DK
1796,棄権,政党A
1797,DK,政党A
1798,政党B,政党C
1799,その他,政党C
1800,政党A,政党A
1801,政党A,政党A
1802,政党A,政党A
1803,政党B,政党B
1804,DK,政党A
1805,政党B,政党B
1806,政党B,政党A
1807,政党C,政党C
1808,DK,DK
1809,政党A,政党A
1810,その他,政党A
1811,政党B,政党B
1812,政党A,政党A
1813,DK,棄権
1814,政党A,政党B
1815,棄権,棄権
1816,DK,政党A
1817,政党A,政党A
1818,政党A,政党A
1819,政党A,政党A
1820,政党A,政党A
1821,棄権,棄権
1822,政党A,政党A
1823,政党A,DK
1824,政党A,政党A
1825,DK,棄権
1826,その他,棄権
1827,政党C,政党C
1828,棄権,棄権
1829,政党B,政党B
1830,政党A,政党A
1831,政党A,政党A
1832,政党A,政党A
1833,棄権,棄権
1834,政党B,政党B
1835,その他,政党B
1836,DK,棄権
1837,政党A,政党A
1838,棄権,その他
1839,政党A,政党A
1840,DK,政党A
1841,政党A,政党A
1842,政党B,政党B
1843,政党B,政党B
1844,DK,DK
1845,政党C,政党A
1846,政党A,政党A
1847,その他,政党C
1848,DK,政党A
1849,政党B,棄権
1850,DK,政党A
1851,その他,政党A
1852,棄権,棄権
1853,棄権,政党A
1854,政党A,政党A
1855,政党D,棄権
1856,政党B,政党B
1857,政党A,政党A
1858,政党A,政党A
1859,その他,政党A
1860,政党A,政党A
1861,棄権,政党A
1862,棄権,棄権
1863,政党B,政党B
1864,棄権,棄権
1865,DK,DK
1866,政党A,政党A
1867,政党B,棄権
1868,棄権,政党C
1869,政党B,政党B
1870,政党C,政党C
1871,政党B,政党B
1872,棄権,政党A
1873,政党A,政党A
1874,政党D,政党A
1875,政党B,政党B
1876,DK,政党A
1877,政党B,政党B
1878,棄権,棄権
1879,その他,政党A
1880,棄権,政党B
1881,政党B,政党B
1882,政党A,政党A
1883,政党D,政党D
1884,政党A,政党A
1885,政党B,政党A
1886,政党B,棄権
1887,政党B,政党B
1888,DK,棄権
1889,DK,政党A
1890,その他,政党A
1891,棄権,政党A
1892,その他,政党A
1893,DK,政党A
1894,政党A,政党A
1895,政党A,政党A
1896,DK,DK
1897,DK,政党C
1898,政党A,政党A
1899,政党B,政党C
1900,DK,棄権
1901,棄権,DK
1902,DK,棄権
1903,政党A,政党A
1904,棄権,政党A
1905,政党B,政党B
1906,その他,政党A
1907,政党A,政党A
1908,DK,棄権
1909,DK,DK
1910,政党A,政党A
1911,その他,政党A
1912,DK,棄権
1913,政党B,政党B
1914,政党A,政党A
1915,政党A,政党A
1916,棄権,棄権
1917,政党A,政党A
1918,棄権,棄権
1919,政党A,政党B
1920,政党A,政党C
1921,棄権,棄権
1922,政党A,政党A
1923,政党A,政党A
1924,棄権,棄権
1925,政党A,政党A
1926,DK,政党A
1927,DK,政党A
1928,政党A,政党A
1929,政党A,政党A
1930,DK,DK
1931,政党B,政党B
1932,DK,棄権
1933,政党A,政党A
1934,政党C,政党A
1935,政党D,政党D
1936,政党A,政党A
1937,その他,政党A
1938,棄権,棄権
1939,政党D,政党D
1940,政党A,政党A
1941,政党B,政党C
1942,棄権,棄権
1943,棄権,政党A
1944,棄権,棄権
1945,DK,DK
1946,その他,政党A
1947,政党A,政党A
1948,棄権,棄権
1949,政党A,政党A
1950,政党B,政党B
1951,棄権,政党A
1952,政党B,DK
1953,その他,DK
1954,政党A,政党A
1955,政党A,政党A
1956,棄権,政党B
1957,DK,DK
1958,棄権,棄権
1959,その他,政党A
1960,政党A,政党A
1961,棄権,政党B
1962,その他,政党B
1963,政党C,政党C
1964,政党A,政党A
1965,棄権,棄権
1966,棄権,棄権
1967,政党A,政党A
1968,DK,政党A
1969,政党C,政党A
1970,棄権,棄権
1971,政党B,政党B
1972,政党C,政党C
1973,政党D,DK
1974,政党D,政党D
1975,政党A,政党A
1976,その他,その他
1977,政党A,政党A
1978,棄権,政党B
1979,政党B,政党B
1980,その他,DK
1981,政党B,政党B
1982,政党B,政党B
1983,DK,政党B
1984,政党B,政党B
1985,その他,その他
1986,政党A,政党C
1987,DK,DK
1988,政党A,政党A
1989,棄権,政党B
1990,政党A,政党A
1991,その他,その他
1992,棄権,DK
1993,政党B,政党B
1994,棄権,政党A
1995,政党A,政党A
1996,政党B,DK
1997,棄権,棄権
1998,その他,政党B
1999,その他,政党B
2000,政党A,政党A
2001,棄権,棄権
2002,政党A,政党A
2003,棄権,棄権
2004,棄権,棄権
2005,その他,DK
2006,政党A,政党A
2007,政党D,その他
2008,政党A,政党A
2009,DK,政党C
2010,DK,棄権
2011,DK,政党B
2012,政党C,政党C
2013,政党A,政党A
2014,政党B,政党B
2015,政党A,政党A
2016,棄権,政党A
2017,政党A,政党B
2018,棄権,棄権
2019,DK,政党A
2020,政党A,政党A
2021,政党B,政党B
2022,政党A,政党A
2023,棄権,棄権
2024,政党B,政党B
2025,棄権,政党A
2026,政党B,政党B
2027,政党A,政党A
2028,DK,政党A
2029,政党B,政党B
2030,政党C,政党C
2031,棄権,棄権
2032,政党B,その他
2033,政党B,政党C
2034,棄権,棄権
2035,政党B,政党B
2036,棄権,その他
2037,棄権,棄権
2038,政党A,棄権
2039,棄権,棄権
2040,棄権,政党A
2041,政党B,政党A
2042,政党B,棄権
2043,棄権,DK
2044,その他,その他
2045,政党B,政党B
2046,政党B,政党A
2047,その他,政党A
2048,政党B,政党B
2049,政党A,政党A
2050,政党D,政党B
2051,棄権,棄権
2052,政党C,政党C
2053,政党A,政党A
2054,棄権,棄権
2055,政党A,政党A
2056,政党A,政党A
2057,政党D,政党D
2058,その他,その他
2059,DK,棄権
2060,政党A,政党A
2061,政党B,政党B
2062,棄権,棄権
2063,政党B,政党B
2064,棄権,棄権
2065,政党A,政党A
2066,政党C,政党A
2067,政党B,政党B
2068,政党A,政党A
2069,政党A,棄権
2070,DK,政党A
2071,政党A,政党A
2072,政党B,政党B
2073,棄権,棄権
2074,DK,DK
2075,DK,政党A
2076,棄権,政党D
2077,政党B,政党B
2078,政党B,政党B
2079,政党B,棄権
2080,政党B,政党B
2081,棄権,棄権
2082,政党A,政党A
2083,政党C,政党C
2084,棄権,棄権
2085,政党B,政党B
2086,政党B,政党B
2087,政党B,政党A
2088,政党A,政党A
2089,棄権,棄権
2090,棄権,棄権
2091,政党B,政党B
2092,棄権,棄権
2093,政党B,政党B
2094,棄権,政党A
2095,DK,政党A
2096,その他,DK
2097,棄権,DK
2098,棄権,DK
2099,政党A,政党A
2100,棄権,棄権
2101,その他,政党B
2102,その他,その他
2103,政党A,政党A
2104,DK,政党A
2105,政党A,政党A
2106,棄権,政党A
2107,政党A,政党A
2108,棄権,DK
2109,棄権,DK
2110,政党A,政党A
2111,その他,政党B
2112,DK,政党A
2113,その他,DK
2114,その他,政党D
2115,DK,棄権
2116,政党A,政党A
2117,政党B,政党B
2118,政党A,政党A
2119,棄権,棄権
2120,政党A,棄権
2121,政党A,政党A
2122,政党B,政党A
2123,政党A,政党A
2124,棄権,政党A
2125,その他,棄権
2126,政党D,政党D
2127,棄権,DK
2128,政党A,政党A
2129,政党A,政党A
2130,棄権,棄権
2131,DK,政党A
2132,DK,棄権
2133,政党A,政党A
2134,その他,その他
2135,棄権,政党A
2136,政党B,政党B
2137,棄権,棄権
2138,政党B,政党B
2139,政党A,政党A
2140,DK,政党A
2141,政党A,政党A
2142,DK,政党C
2143,棄権,DK
2144,政党B,政党B
2145,その他,政党B
2146,政党B,政党B
2147,棄権,棄権
2148,政党B,政党A
2149,棄権,棄権
2150,政党A,政党A
2151,棄権,政党A
2152,棄権,棄権
2153,政党D,政党D
2154,棄権,棄権
2155,DK,DK
2156,棄権,政党A
2157,棄権,棄権
2158,政党C,政党C
2159,棄権,棄権
2160,DK,その他
2161,政党A,政党A
2162,DK,政党A
2163,政党B,政党B
2164,DK,政党B
2165,政党A,政党A
2166,政党A,政党A
2167,棄権,棄権
2168,政党A,政党A
2169,政党C,政党C
2170,DK,政党B
2171,政党B,政党B
2172,政党B,政党B
2173,政党A,政党A
2174,政党C,政党A
2175,政党A,政党A
2176,政党A,政党A
2177,政党C,政党C
2178,棄権,棄権
2179,政党B,棄権
2180,棄権,棄権
2181,政党A,政党A
2182,政党B,政党A
2183,その他,政党A
2184,棄権,政党A
2185,DK,政党A
2186,政党B,政党A
2187,棄権,DK
2188,政党B,政党B
2189,政党D,政党D
2190,政党A,政党A
2191,政党B,政党B
2192,政党D,政党D
2193,政党C,政党C
2194,その他,政党A
2195,政党B,政党B
2196,棄権,棄権
2197,棄権,棄権
2198,政党A,政党A
2199,その他,政党C
2200,棄権,政党A
2201,DK,DK
2202,棄権,棄権
2203,政党A,政党A
2204,棄権,棄権
2205,政党B,政党B
2206,政党D,政党A
2207,政党D,政党B
2208,その他,政党A
2209,政党A,政党A
2210,政党B,政党B
2211,政党A,政党A
2212,政党D,政党D
2213,政党B,政党B
2214,政党A,政党A
2215,政党B,政党B
2216,政党A,政党A
2217,政党A,政党A
2218,政党A,政党A
2219,棄権,棄権
2220,政党B,政党A
2221,その他,その他
2222,政党B,政党A
2223,政党B,政党B
2224,政党D,政党B
2225,DK,政党C
2226,その他,その他
2227,政党B,政党A
2228,その他,その他
2229,政党A,政党C
2230,その他,政党B
2231,棄権,棄権
2232,その他,その他
2233,棄権,棄権
2234,政党A,政党A
2235,政党B,政党A
2236,政党B,政党B
2237,政党B,政党B
2238,政党A,棄権
2239,政党A,政党A
2240,DK,政党A
2241,その他,その他
2242,政党B,DK
2243,政党C,政党C
2244,政党B,DK
2245,DK,DK
2246,棄権,DK
2247,政党B,政党B
2248,棄権,棄権
2249,棄権,棄権
2250,政党A,政党A
2251,DK,DK
2252,政党A,棄権
2253,政党A,政党A
2254,DK,政党A
2255,その他,その他
2256,DK,DK
2257,政党D,政党D
2258,政党D,政党D
2259,その他,棄権
2260,政党A,政党A
2261,政党A,政党A
2262,政党A,政党A
2263,政党B,政党B
2264,政党B,政党B
2265,棄権,棄権
2266,政党A,政党A
2267,棄権,政党A
2268,政党B,政党B
2269,DK,政党B
2270,政党A,政党A
2271,政党A,政党A
2272,政党D,政党D
2273,政党B,政党B
2274,政党B,政党A
2275,その他,政党A
2276,政党A,政党A
2277,DK,政党B
2278,政党B,政党A
2279,政党A,政党A
2280,政党A,政党A
2281,政党A,政党A
2282,政党A,政党B
2283,棄権,棄権
2284,政党A,政党A
2285,DK,政党B
2286,政党A,政党C
2287,DK,政党B
2288,政党C,政党C
2289,政党A,政党A
2290,政党B,政党B
2291,棄権,棄権
2292,DK,DK
2293,政党A,政党A
2294,政党A,政党A
2295,棄権,棄権
2296,政党A,政党A
2297,政党A,政党A
2298,政党A,政党A
2299,政党B,政党A
2300,棄権,棄権
2301,政党B,政党B
2302,政党B,政党B
2303,政党B,棄権
2304,政党A,政党A
2305,政党A,政党A
2306,政党A,政党A
2307,その他,その他
2308,政党A,政党A
2309,政党A,政党A
2310,政党A,政党A
2311,政党C,政党C
2312,棄権,棄権
2313,棄権,棄権
2314,棄権,政党A
2315,その他,その他
2316,政党A,政党A
2317,政党C,政党C
2318,棄権,政党A
2319,政党D,棄権
2320,政党D,政党B
2321,棄権,棄権
2322,政党A,政党A
2323,政党B,政党B
2324,政党A,政党A
2325,その他,棄権
2326,政党A,棄権
2327,棄権,棄権
2328,政党B,政党B
2329,棄権,棄権
2330,棄権,棄権
2331,棄権,棄権
2332,政党A,政党A
2333,棄権,棄権
2334,政党A,政党A
2335,政党A,政党A
2336,その他,政党A
2337,DK,政党A
2338,棄権,政党A
2339,政党C,政党A
2340,政党A,政党A
2341,政党B,政党B
2342,政党A,政党A
2343,政党D,政党D
2344,政党A,政党A
2345,DK,政党A
2346,その他,政党A
2347,政党B,政党B
2348,政党A,政党A
2349,政党A,政党A
2350,政党B,政党B
2351,棄権,棄権
2352,棄権,DK
2353,政党A,政党A
2354,政党A,政党A
2355,政党C,政党C
2356,政党A,政党A
2357,政党D,政党D
2358,政党A,政党A
2359,政党B,政党B
2360,棄権,政党A
2361,棄権,政党A
2362,DK,DK
2363,政党D,政党A
2364,政党D,政党D
2365,棄権,棄権
2366,棄権,棄権
2367,政党B,政党B
2368,政党C,政党C
2369,その他,政党A
2370,DK,政党A
2371,その他,その他
2372,DK,政党A
2373,その他,政党B
2374,DK,政党A
2375,棄権,棄権
2376,政党B,政党A
2377,政党A,政党A
2378,棄権,棄権
2379,棄権,DK
2380,棄権,棄権
2381,棄権,棄権
2382,棄権,棄権
2383,棄権,棄権
2384,政党D,政党A
2385,DK,棄権
2386,政党A,政党B
2387,棄権,政党A
2388,政党A,政党A
2389,政党D,政党D
2390,棄権,棄権
2391,政党B,政党B
2392,DK,政党A
2393,政党A,政党A
2394,DK,DK
2395,DK,棄権
2396,その他,政党B
2397,棄権,政党A
2398,政党C,政党B
2399,政党A,政党A
2400,政党A,政党A
2401,棄権,政党A
2402,政党A,政党A
2403,政党B,政党A
2404,政党A,政党A
2405,政党D,政党D
2406,その他,政党A
2407,政党B,政党B
2408,政党A,政党A
2409,政党B,棄権
2410,その他,その他
2411,棄権,棄権
2412,政党A,政党A
2413,棄権,棄権
2414,政党B,政党B
2415,棄権,棄権
2416,政党B,その他
2417,棄権,DK
2418,その他,政党A
2419,DK,DK
2420,政党A,政党A
2421,その他,その他
2422,政党B,政党B
2423,その他,政党B
2424,棄権,棄権
2425,政党B,政党A
2426,政党B,政党A
2427,棄権,棄権
2428,政党B,政党B
2429,DK,政党A
2430,棄権,棄権
2431,棄権,棄権
2432,政党B,政党B
2433,政党D,政党D
2434,その他,その他
2435,政党A,政党A
2436,政党A,政党A
2437,政党B,政党B
2438,その他,その他
2439,政党D,政党D
2440,DK,政党A
2441,政党A,政党A
2442,政党A,政党A
2443,棄権,棄権
2444,棄権,棄権
2445,政党B,政党B
2446,その他,政党A
2447,その他,その他
2448,政党A,政党A
2449,政党A,政党A
2450,政党A,政党A
2451,政党A,政党A
2452,政党A,政党A
2453,棄権,棄権
2454,政党D,政党D
2455,政党A,政党A
2456,DK,棄権
2457,政党A,政党A
2458,政党C,政党C
2459,その他,政党A
2460,政党B,政党A
2461,棄権,棄権
2462,政党B,政党B
2463,その他,政党A
2464,DK,政党A
2465,政党C,政党C
2466,政党A,政党C
2467,政党A,棄権
2468,その他,政党C
2469,政党A,政党A
2470,政党D,政党D
2471,DK,DK
2472,政党A,政党A
2473,政党D,政党D
2474,棄権,棄権
2475,政党A,政党A
2476,その他,政党B
2477,その他,政党A
2478,棄権,棄権
2479,棄権,政党A
2480,棄権,政党A
2481,政党B,政党A
2482,政党A,政党A
2483,DK,政党B
2484,政党A,政党A
2485,政党B,政党B
2486,棄権,棄権
2487,政党A,政党B
2488,政党B,政党A
2489,その他,その他
2490,その他,政党B
2491,政党A,政党A
2492,政党D,政党D
2493,棄権,政党A
2494,政党B,政党B
2495,政党D,政党D
2496,政党A,政党A
2497,政党B,棄権
2498,その他,その他
2499,政党D,政党A
2500,DK,政党A
2501,政党A,政党A
2502,棄権,棄権
2503,棄権,DK
2504,棄権,棄権
2505,棄権,棄権
2506,政党A,棄権
2507,政党A,政党A
2508,政党A,政党A
2509,DK,政党C
2510,政党A,政党A
2511,政党A,DK
2512,政党A,政党A
2513,その他,政党B
2514,政党B,政党B
2515,その他,政党A
2516,棄権,棄権
2517,棄権,政党A
2518,DK,DK
2519,政党A,政党A
2520,DK,棄権
2521,棄権,政党B
2522,政党C,政党C
2523,政党D,政党D
2524,政党A,政党C
2525,DK,DK
2526,棄権,DK
2527,政党A,その他
2528,DK,DK
2529,その他,その他
2530,政党A,政党A
2531,DK,DK
2532,DK,DK
2533,政党A,政党A
2534,その他,政党A
2535,棄権,棄権
2536,棄権,政党A
2537,政党A,政党A
2538,政党B,政党B
2539,政党B,政党B
2540,政党D,政党D
2541,政党B,政党A
2542,棄権,DK
2543,政党B,政党B
2544,政党B,その他
2545,政党A,政党A
2546,DK,DK
2547,政党A,政党A
2548,政党A,政党A
2549,DK,政党A
2550,政党B,棄権
2551,政党B,政党B
2552,政党B,政党B
2553,棄権,棄権
2554,政党C,政党A
2555,DK,政党B
2556,政党D,政党D
2557,政党A,政党A
2558,DK,政党A
2559,政党D,政党D
2560,政党A,政党D
2561,政党D,政党D
2562,棄権,政党A
2563,棄権,棄権
2564,政党A,政党A
2565,政党A,政党A
2566,政党A,政党A
2567,棄権,棄権
2568,政党B,政党A
2569,政党B,政党B
2570,その他,政党C
2571,棄権,政党A
2572,政党A,政党B
2573,その他,DK
2574,棄権,政党A
2575,政党D,政党D
2576,棄権,棄権
2577,棄権,棄権
2578,DK,棄権
2579,DK,政党A
2580,政党B,棄権
2581,政党A,政党A
2582,DK,政党C
2583,政党A,政党A
2584,政党B,政党B
2585,政党A,政党A
2586,政党A,政党A
2587,政党B,政党B
2588,政党B,政党B
2589,DK,その他
2590,政党A,政党A
2591,政党A,政党A
2592,政党A,政党A
2593,政党A,政党A
2594,DK,DK
2595,政党A,政党A
2596,政党A,政党A
2597,DK,DK
2598,政党A,政党A
2599,DK,その他
2600,棄権,DK
2601,棄権,棄権
2602,その他,政党D
2603,政党A,政党A
2604,政党A,政党A
2605,政党A,政党A
2606,棄権,棄権
2607,政党B,政党B
2608,DK,政党A
2609,政党B,政党A
2610,棄権,棄権
2611,棄権,政党A
2612,政党A,棄権
2613,棄権,棄権
2614,棄権,政党C
2615,DK,DK
2616,棄権,棄権
2617,政党A,棄権
2618,棄権,政党A
2619,政党C,政党C
2620,DK,その他
2621,その他,政党A
2622,棄権,棄権
2623,DK,DK
2624,棄権,棄権
2625,政党B,政党A
2626,政党B,政党B
2627,政党B,政党B
2628,政党A,政党A
2629,政党A,DK
2630,政党B,DK
2631,棄権,政党A
2632,政党B,政党B
2633,政党B,政党B
2634,政党C,政党C
2635,政党A,政党A
2636,政党A,政党A
2637,政党A,政党A
2638,政党A,政党A
2639,政党B,政党B
2640,DK,DK
2641,政党B,政党B
2642,政党B,その他
2643,政党A,政党A
2644,政党A,政党A
2645,DK,政党A
2646,棄権,政党A
2647,その他,政党A
2648,政党A,政党C
2649,政党A,政党A
2650,政党A,政党A
2651,政党C,政党C
2652,政党A,政党A
2653,政党C,政党C
2654,政党D,政党D
2655,政党C,政党A
2656,政党A,政党A
2657,政党B,政党A
2658,その他,DK
2659,その他,その他
2660,棄権,棄権
2661,政党A,政党A
2662,政党B,政党A
2663,棄権,政党B
2664,政党B,政党D
2665,DK,政党B
2666,棄権,政党D
2667,政党A,政党A
2668,棄権,政党D
2669,棄権,棄権
2670,その他,政党C
2671,棄権,政党A
2672,政党A,政党A
2673,政党C,政党C
2674,政党A,政党A
2675,政党A,政党A
2676,政党A,政党A
2677,政党A,政党A
2678,DK,その他
2679,政党A,政党A
2680,棄権,その他
2681,政党A,政党A
2682,棄権,棄権
2683,政党B,政党B
2684,政党B,政党A
2685,政党A,政党A
2686,棄権,政党A
2687,政党A,政党A
2688,政党B,政党B
2689,政党C,政党C
2690,その他,政党B
2691,政党B,政党B
2692,その他,その他
2693,政党B,政党B
2694,DK,棄権
2695,政党A,政党A
2696,政党A,政党A
2697,政党A,政党A
2698,政党C,政党C
2699,その他,政党B
2700,政党A,政党A
2701,政党B,政党B
2702,棄権,棄権
2703,政党A,政党A
2704,政党A,政党A
2705,政党B,政党B
2706,DK,DK
2707,棄権,棄権
2708,棄権,棄権
2709,その他,政党A
2710,政党B,政党B
2711,政党A,政党A
2712,政党B,政党B
2713,政党A,政党A
2714,政党A,政党A
2715,棄権,棄権
2716,DK,政党A
2717,政党B,政党B
2718,政党C,政党A
2719,その他,その他
2720,棄権,棄権
2721,DK,政党A
2722,政党A,政党A
2723,政党A,政党A
2724,DK,DK
2725,政党B,政党B
2726,政党A,政党B
2727,棄権,棄権
2728,DK,棄権
2729,政党A,政党A
2730,その他,政党A
2731,政党A,政党A
2732,棄権,政党A
2733,棄権,棄権
2734,DK,棄権
2735,棄権,棄権
2736,棄権,棄権
2737,政党A,政党A
2738,政党A,政党A
2739,DK,DK
2740,政党B,政党B
2741,政党A,政党A
2742,政党B,政党B
2743,政党B,棄権
2744,棄権,棄権
2745,棄権,棄権
2746,政党A,棄権
2747,棄権,棄権
2748,政党A,政党A
2749,その他,政党A
2750,棄権,棄権
2751,政党A,政党C
2752,政党A,棄権
2753,政党A,政党A
2754,政党B,政党B
2755,政党A,政党A
2756,政党B,政党A
2757,棄権,政党A
2758,政党A,政党A
2759,政党B,政党A
2760,政党C,棄権
2761,政党A,政党A
2762,その他,その他
2763,棄権,政党C
2764,政党D,政党D
2765,政党A,政党A
2766,政党B,DK
2767,棄権,棄権
2768,政党B,政党B
2769,政党D,政党D
2770,政党B,政党B
2771,DK,政党B
2772,政党A,政党B
2773,政党A,政党A
2774,政党A,政党A
2775,政党B,政党B
2776,棄権,政党A
2777,政党B,政党B
2778,その他,政党A
2779,政党A,政党A
2780,DK,DK
2781,棄権,棄権
2782,DK,棄権
2783,政党A,政党A
2784,DK,DK
2785,政党B,政党B
2786,政党B,政党B
2787,政党B,その他
2788,政党A,政党A
2789,政党A,政党A
2790,政党A,政党A
2791,DK,政党A
2792,その他,政党A
2793,政党B,DK
2794,政党B,政党D
2795,政党D,棄権
2796,政党B,政党A
2797,棄権,政党A
2798,政党A,政党A
2799,政党B,政党A
2800,政党A,政党A
2801,政党C,政党C
2802,棄権,棄権
2803,政党D,政党D
2804,政党B,政党A
2805,政党A,政党A
2806,棄権,棄権
2807,DK,DK
2808,棄権,棄権
2809,政党D,政党A
2810,その他,政党A
2811,政党B,政党B
2812,政党D,政党D
2813,棄権,棄権
2814,棄権,棄権
2815,政党B,政党B
2816,棄権,棄権
2817,政党A,政党A
2818,政党C,政党C
2819,その他,政党A
2820,棄権,棄権
2821,その他,政党A
2822,政党A,政党A
2823,棄権,棄権
2824,政党B,政党B
2825,その他,政党B
2826,DK,棄権
2827,DK,DK
2828,棄権,棄権
2829,棄権,棄権
2830,その他,政党A
2831,政党A,政党A
2832,政党A,政党A
2833,政党B,棄権
2834,DK,政党A
2835,政党B,政党B
2836,その他,棄権
2837,政党A,政党A
2838,政党B,政党B
2839,DK,DK
2840,棄権,棄権
2841,DK,政党A
2842,政党D,政党D
2843,政党C,政党C
2844,棄権,政党A
2845,棄権,棄権
2846,政党A,政党A
2847,政党C,政党C
2848,政党B,政党B
2849,政党D,政党D
2850,政党B,政党A
2851,政党A,政党A
2852,政党A,政党A
2853,政党D,政党D
2854,その他,DK
2855,政党A,政党A
2856,政党A,政党A
2857,棄権,棄権
2858,DK,棄権
2859,その他,政党A
2860,政党B,政党B
2861,政党B,政党B
2862,棄権,DK
2863,政党B,政党B
2864,政党C,政党A
2865,政党A,棄権
2866,政党A,政党A
2867,政党A,政党A
2868,政党A,政党A
2869,DK,棄権
2870,政党A,政党A
2871,政党B,政党B
2872,DK,棄権
2873,政党B,政党B
2874,政党A,政党A
2875,棄権,棄権
2876,その他,DK
2877,政党A,政党A
2878,政党A,政党A
2879,政党B,その他
2880,政党A,政党A
2881,政党A,政党A
2882,棄権,棄権
2883,政党D,政党D
2884,政党A,政党A
2885,政党D,政党D
2886,政党A,政党A
2887,政党A,棄権
2888,政党A,政党A
2889,政党A,政党A
2890,DK,政党A
2891,政党D,政党D
2892,政党A,政党A
2893,DK,政党A
2894,DK,棄権
2895,棄権,棄権
2896,政党A,政党A
2897,政党D,政党B
2898,政党A,その他
2899,政党B,棄権
2900,棄権,棄権
2901,DK,政党D
2902,その他,その他
2903,棄権,棄権
2904,政党B,政党B
2905,政党A,政党A
2906,その他,政党A
2907,政党A,政党A
2908,棄権,政党C
2909,政党B,政党B
2910,政党A,政党A
2911,政党A,政党A
2912,政党D,政党D
2913,政党A,政党A
2914,棄権,棄権
2915,政党A,政党A
2916,政党A,政党A
2917,DK,政党B
2918,政党B,政党B
2919,政党B,政党B
2920,政党C,棄権
2921,棄権,政党A
2922,DK,棄権
2923,その他,DK
2924,DK,DK
2925,政党A,政党A
2926,政党A,政党A
2927,政党B,政党B
2928,その他,政党A
2929,政党B,政党B
2930,その他,政党A
2931,政党B,政党B
2932,政党A,政党A
2933,DK,政党A
2934,政党A,棄権
2935,棄権,政党B
2936,DK,棄権
2937,DK,政党B
2938,政党A,政党A
2939,政党A,政党A
2940,政党A,その他
2941,DK,DK
2942,政党D,政党D
2943,その他,その他
2944,政党B,政党A
2945,政党A,DK
2946,政党D,政党D
2947,棄権,棄権
2948,政党A,政党A
2949,その他,政党A
2950,政党D,政党D
2951,政党A,政党C
