"ID","Name","Address","Latitude","Longitude","Line","Station","Walk","Budget","Pref","ScoreN","Score"
"kczs500","中国料理 鳳麟","〒612-8411 京都府京都市伏見区竹田久保町62-1-2 足立ハイツ1F",34.962431,135.76131,"地下鉄烏丸線","くいな橋駅","6",2999,"京都府",0,NA
"k002709","黒毛和牛一頭買い焼肉と 炊き立て土鍋ご飯 市場小路 烏丸店","〒600-8008 京都府京都市下京区四条烏丸東入ル長刀鉾町8 京都三井ビルB1",35.004063,135.759961,"地下鉄烏丸線","四条駅","1",4500,"京都府",26,3.19230769230769
"c940100","京の中華 ハマムラ みやこみち店","〒600-8215 京都府京都市下京区東塩小路釜殿町31-1 近鉄名店街内",34.98462,135.757446,"ＪＲ","京都駅","2",1500,"京都府",0,NA
"ka87105","焼肉処 真 桂店","〒615-8232 京都府京都市西京区御陵南荒木町7-12",34.978003,135.693692,"阪急京都線","桂駅","15",4000,"京都府",0,NA
"kczz401","祇園京都ラーメン","〒605-0078 京都府京都市東山区八坂新地富永町116 三幸園ビル1F",35.004509,135.775019,"京阪本線","祇園四条駅","4",1000,"京都府",0,NA
"k132123","創作料理 串カツ トンカツ jiro","〒610-0334 京都府京田辺市田辺中央1-3-5",34.820392,135.771264,"近鉄京都線","新田辺駅","1",3000,"京都府",0,NA
"kbby402","祇園 晩餐のあと","〒605-0085 京都府京都市東山区大和大路通四条通上ル富永町112 キャッスルギオンビル1F",35.004488,135.774593,"京阪本線","祇園四条駅","4",3500,"京都府",0,NA
"kcdk803","DETAIL","〒605-0034 京都府京都市東山区中之町210-4",35.009601,135.784594,"地下鉄東西線","東山駅","5",1000,"京都府",0,NA
"kc9d502","めんや龍神","〒606-0827 京都府京都市左京区下鴨西半木町88",35.043697,135.766409,"地下鉄烏丸線","北大路駅","8",1000,"京都府",0,NA
"kcsz200","無尽蔵 京都八条家","〒601-8417 京都府京都市南区西九条鳥居口町1 イオンモールKYOTO4F",34.98285,135.755828,"ＪＲ","京都駅","5",1000,"京都府",2,3.5
"7615794","山角や楼","〒604-8804 京都府京都市中京区壬生坊城町24-3 第二正美堂ビル1F",35.003788,135.744947,"阪急京都線","大宮駅","徒歩3",800,"京都府",2,NA
"6003850","四季萬膳 はなはな","〒604-8381 京都府京都市中京区西ノ京職司町26-12 アパル御池1F",35.010921,135.743101,"ＪＲ","二条駅","徒歩1",3000,"京都府",0,NA
"7377118","一蘭 京都河原町店","〒604-8041 京都府京都市中京区蛸薬師通新京極東入裏寺町598 蛸薬師OKIビル1F",35.005816,135.768065,"阪急京都線","河原町駅","徒歩3",800,"京都府",2,3.75
"6122196","かんばやし の","〒623-1131 京都府綾部市睦寄町庄32 ",35.371861,135.446309,"ＪＲ山陰本線","綾部駅","車30",1000,"京都府",0,NA
"6544093","ラーメン 喝采","〒612-0025 京都府京都市伏見区深草キトロ町27 ",34.957944,135.768454,"京阪本線","藤森駅","徒歩4",800,"京都府",2,3
"7667059","一蘭 京都烏丸店","〒600-8006 京都府京都市下京区立売中之町102-3 ミュ-ズ389 京都ビル2F",35.004014,135.763678,"","","",1000,"京都府",0,NA
"7014197","ミスター・ギョーザ","〒601-8464 京都府京都市南区唐橋高田町42 ",34.97954,135.741538,"ＪＲ京都線","西大路駅","徒歩10",1500,"京都府",8,4.0625
"7404720","麺ビストロ Nakano","〒604-8226 京都府京都市中京区西錦小路町269 松広ビル1F",35.004923,135.756519,"阪急京都線","烏丸駅","徒歩5",1000,"京都府",1,3
"7268948","麺屋 七福神 堀川御池店","〒604-0054 京都府京都市中京区押堀町45-1 ",35.011259,135.752286,"地下鉄東西線","二条城前駅","徒歩3",1000,"京都府",0,NA
"7377582","鶏がら らーめん門扇 伏水酒蔵店","〒612-8057 京都府京都市伏見区平野町82-2 ",34.932407,135.760496,"近鉄京都線","桃山御陵前駅","徒歩7",2000,"京都府",0,NA
"7010519","濃厚麺 楽楽楽","〒606-8391 京都府京都市左京区聖護院西町18-11 内外ビル1F",35.020114,135.778665,"京阪鴨東線","神宮丸太町駅","徒歩10",750,"京都府",0,NA
"7747236","らーめん鱗 京都三条店","〒604-8074 京都府京都市中京区朝倉町527-4 ",35.008106,135.764913,"","","",1000,"京都府",0,NA
"7377116","一蘭 京都八幡店","〒614-8054 京都府八幡市八幡南山106-3 ",34.853171,135.704683,"京阪本線","樟葉駅","車16",800,"京都府",3,4
"7384327","麺毅家 京都河原町店","〒604-8041 京都府京都市中京区蛸薬師通新京極東入裏寺町595 ",35.006248,135.767996,"阪急京都線","河原町駅","徒歩4",700,"京都府",0,NA
"7398382","旬菜・鮮魚 けんしょう","〒616-8101 京都府京都市右京区太秦和泉式部町5-3 ",35.017524,135.713721,"ＪＲ嵯峨野線","花園駅","徒歩6",2500,"京都府",0,NA
"6897662","中華料理 清華園","〒600-8202 京都府京都市下京区川端町11 ",34.987272,135.766167,"ＪＲ","京都駅","徒歩10",1500,"京都府",3,5
"7596940","まがり","〒619-0214 京都府木津川市川原田33-3 ",34.733561,135.822144,"","","",874,"京都府",2,4
"7160764","博多一幸舎 京都拉麺小路店","〒600-8555 京都府京都市下京区丸通塩小路901 京都ビル京都拉麺小路",34.985703,135.758226,"ＪＲ","京都駅","徒歩1",1000,"京都府",3,2.33333333333333
"7397980","麺彩 さくら食堂","〒604-8437 京都府京都市中京区西ノ京東中合町34 ",35.011894,135.73161,"地下鉄東西線","西大路御池駅","徒歩1",800,"京都府",5,3.25
"7212414","らーめん なか房","〒612-8401 京都府京都市伏見区深草下川原町125-1 小堀マンション",34.965836,135.762113,"地下鉄烏丸線","くいな橋駅","徒歩10",800,"京都府",0,NA
"7465904","福門","〒612-0029 京都府京都市伏見区深草西浦町6-77 ",34.958592,135.766697,"京阪本線","藤森駅","徒歩8",900,"京都府",0,NA
"6272779","魁力屋 北山店","〒603-8424 京都府京都市北区紫竹下芝本町61 ",35.049645,135.750418,"地下鉄烏丸線","北大路駅","徒歩13",900,"京都府",2,4.25
"7401920","からこラーメン","〒606-8351 京都府京都市左京区岡崎徳成町12-3 ",35.0139,135.778185,"地下鉄東西線","東山駅","徒歩8",1000,"京都府",0,NA
"7481825","ラーメン横綱 三条河原町店","〒604-8031 京都府京都市中京区大黒町31 三条館1・2F",35.008648,135.768546,"阪急京都線","河原町駅","徒歩10",800,"京都府",0,NA
"6895198","もつ鍋 亀八 山科店","〒607-8080 京都府京都市山科区竹鼻竹ノ街道町65-1 ",34.990615,135.816015,"ＪＲ","山科駅","徒歩5",3500,"京都府",0,NA
"7398544","大和桜花爛漫","〒605-0846 京都府京都市東山区五条橋東6-583-34 ",34.995835,135.779876,"京阪本線","祇園四条駅","徒歩20",800,"京都府",0,NA
"7492165","ラーメンムギュ vol．1","〒604-8463 京都府京都市中京区西ノ京円町22-10 ",35.018974,135.732063,"ＪＲ嵯峨野線","円町駅","徒歩3",1000,"京都府",0,NA
"7268950","麺屋 七福神 四条大宮店","〒604-8804 京都府京都市中京区壬生坊城町15 葵ビル1F",35.00379,135.746329,"阪急京都線","大宮駅","徒歩5",1000,"京都府",0,NA
"6898454","麺や 笑門","〒603-8234 京都府京都市北区紫野下若草町28-1 メゾン紫野1F",35.041319,135.740742,"地下鉄烏丸線","北大路駅","徒歩25",850,"京都府",0,NA
"6895756","とんこつらぁ麺 嘉晴","〒604-8375 京都府京都市中京区西ノ京池ノ内町6-7 ",35.00862,135.74582,"ＪＲ嵯峨野線","二条駅","徒歩6",750,"京都府",0,NA
"6390852","和牛炭火焼肉ノぶる","〒604-8811 京都府京都市中京区壬生賀陽御所町27-5 ",35.002126,135.746073,"阪急京都線","大宮駅","徒歩5",4000,"京都府",0,NA
"7384192","大中BAL横店","〒604-8021 京都府京都市中京区北車屋町276-28 ",35.006443,135.769796,"","","",700,"京都府",7,4.1
"5296022","麺倶楽亭マイン峰山店","〒627-0005 京都府京丹後市峰山町新町1606-1 ショッピングセンターマイン1階",35.608266,135.082715,"京都丹後鉄道宮豊線","峰山駅","車10",800,"京都府",0,NA
"7073027","鶏谷","〒615-0066 京都府京都市右京区西院四条畑町1-22 ",35.003671,135.723897,"京福嵐山本線","山ノ内（京都府）駅","徒歩8",NA,"京都府",0,NA
"7136968","大豊ラーメン 木屋町店","〒604-8016 京都府京都市中京区木屋町通四条上る下樵木町191-11 ",35.006678,135.770731,"阪急京都本線","京都河原町駅","徒歩4",NA,"京都府",0,NA
"5057164","こうちゃん","〒624-0841 京都府舞鶴市字引土263-3 ",35.442956,135.328205,"京都丹後鉄道宮舞線","西舞鶴駅","徒歩3",NA,"京都府",1,5
"6263207","大黒ラーメン","〒612-8087 京都府京都市伏見区京町大黒町118 ",34.934383,135.765098,"京阪本線","伏見桃山駅","徒歩3",NA,"京都府",4,4.25
"5605944","吟醸らーめん 久保田 本店","〒600-8326 京都府京都市下京区西松屋町563 フジ萬ビル1F",34.992876,135.755266,"京都市営烏丸線","五条（京都市営）駅","徒歩7",NA,"京都府",2,3.5
"7275544","無双心 亀岡店","〒621-0815 京都府亀岡市古世町1-13-2 ",35.005887,135.58352,"ＪＲ山陰本線（京都-米子）","亀岡駅","徒歩17",NA,"京都府",0,NA
"7383191","鶏がら らーめん 門扇 木屋町店","〒604-8024 京都府京都市中京区西木屋町四条上ル2筋目西入ル 四条KGビル1F",35.00472,135.770135,"阪急京都線","河原町駅","徒歩2",700,"京都府",0,NA
"7701390","麺屋坂本","〒602-0894 京都府京都市上京区烏丸鞍馬口下る上御霊中町456-6 大国ビル1F",35.037467,135.759465,"京都市営烏丸線","鞍馬口駅","徒歩1",NA,"京都府",0,NA
"5506623","ラーメン壱番館","〒600-8001 京都府京都市下京区西木屋町通四条上る真町 ",NA,NA,"","","",NA,"京都府",0,NA
"5506802","第一旭綾部店","〒623-0053 京都府綾部市宮代町土代9-1 ",35.301659,135.241734,"ＪＲ山陰本線（京都-米子）","綾部駅","徒歩13",NA,"京都府",0,NA
"7219264","ラーメン SAWA","〒601-8432 京都府京都市南区西九条東島町7-4 ",34.976203,135.754026,"近鉄京都線","十条（近鉄線）駅","徒歩6",NA,"京都府",0,NA
"7136966","丸ぎゅ","〒601-8303 京都府京都市南区吉祥院西ノ庄西中町1 ",34.983707,135.726453,"ＪＲ東海道本線（米原-神戸）","西大路駅","徒歩11",NA,"京都府",0,NA
"5506682","ラーメン親爺","〒616-8057 京都府京都市右京区花園木辻南町22 ",35.020865,135.723461,"ＪＲ山陰本線（京都-米子）","花園（京都府）駅","徒歩8",NA,"京都府",0,NA
"6273169","麺対軒","〒600-8498 京都府京都市下京区柏屋町14 ",35.003811,135.752791,"","","",NA,"京都府",1,4
"6316623","みずき","〒601-8313 京都府京都市南区吉祥院中島町2-2 新栄ビル1F",34.977486,135.731289,"ＪＲ東海道本線（米原-神戸）","西大路駅","徒歩6",NA,"京都府",1,3.5
"5816232","てんぐ 西陣店","〒602-8407 京都府京都市上京区伊佐町199 ",35.032569,135.74728,"京都市営烏丸線","今出川駅","徒歩16",750,"京都府",1,3.5
"7506449","古潭らーめん 京都ヨドバシ店","〒600-8175 京都府京都市下京区烏丸通七条下ル東塩小路町590-2 ",34.988199,135.758961,"","","",NA,"京都府",0,NA
"6167464","スタミナラーメン 宇治店","〒611-0044 京都府宇治市伊勢田町名木2-1-208 ",34.884444,135.768772,"近鉄京都線","伊勢田駅","徒歩14",NA,"京都府",0,NA
"6952796","頑固麺","〒612-0029 京都府京都市伏見区深草西浦町6-62 ",34.957372,135.765211,"京阪本線","藤森駅","徒歩7",NA,"京都府",2,NA
"6385719","天下一品 京都ファミリー店","〒615-0072 京都府京都市右京区山ノ内池尻町11 ",NA,NA,"","","",NA,"京都府",0,NA
"6266342","とんこつらぁ麺CHABUTON 京都ヨドバシ店","〒600-8216 京都府京都市下京区烏丸通七条下ル東塩小路地町590-2 603",NA,NA,"","","",NA,"京都府",1,4
"7329686","ますたに 京都拉麺小路店","〒600-8216 京都府京都市下京区東塩小路町901 京都駅ビル10F 京都拉麺小路店内",34.985669,135.758008,"近鉄京都線","京都駅","徒歩9",NA,"京都府",3,3.66666666666667
"6515580","まるいちらぁめん 東舞鶴店","〒625-0057 京都府舞鶴市南浜町27-5 らぽーる1F",35.466708,135.395465,"JR小浜線","東舞鶴駅","徒歩3",NA,"京都府",0,NA
"6310322","中華そば海ゃ","〒612-0807 京都府京都市伏見区深草稲荷中之町61 ",34.968035,135.770708,"JR奈良線","稲荷駅","徒歩2",NA,"京都府",0,NA
"5506810","但馬ラーメン 六地蔵店","〒611-0001 京都府宇治市六地蔵奈良町39-2 ",34.933014,135.797979,"JR奈良線","六地蔵（奈良線・京都市営）駅","徒歩2",NA,"京都府",0,NA
"0437684","美乃ぶ","〒606-0966 京都府京都市左京区松ヶ崎正田町7-7 ",35.048223,135.782646,"京都市営烏丸線","松ヶ崎（京都府）駅","徒歩10",NA,"京都府",0,NA
"6395152","神座イオン久御山店","〒613-0024 京都府久世郡久御山町森南大内156-1 イオン久御山店2F",34.893232,135.746585,"","","",NA,"京都府",0,NA
"7224163","らぁ麺 こんじき","〒602-0033 京都府京都市上京区今出川町319-4 ローザマンション1F",35.029236,135.758673,"京都市営烏丸線","今出川駅","徒歩1",NA,"京都府",0,NA
"7604250","京都嵯峨野 京まつり トロッコ亀岡駅店","〒621-0825 京都府亀岡市篠町山本 トロッコ亀岡駅2F",NA,NA,"","","",NA,"京都府",0,NA
"5506684","ラーメンキャプテン","〒616-8355 京都府京都市右京区嵯峨新宮町45-18 ",35.021063,135.685536,"京福嵐山本線","鹿王院駅","徒歩6",NA,"京都府",0,NA
"7271143","らーめん梅家","〒623-0066 京都府綾部市駅前通9-1 ",35.300013,135.252245,"ＪＲ山陰本線（京都-米子）","綾部駅","徒歩3",NA,"京都府",0,NA
"5506782","ラーメン 一こく","〒620-0921 京都府福知山市かしの木台1-1-3 ",35.321717,135.097783,"京都丹後鉄道宮福線","荒河かしの木台駅","徒歩10",NA,"京都府",1,3.5
"6741596","坂内食堂 京都店","〒600-8216 京都府京都市下京区烏丸通塩小路下る東塩小路町901 京都駅ビル10F 京都拉麺小路内",34.985669,135.758008,"近鉄京都線","京都駅","徒歩1",NA,"京都府",1,NA
"7245286","豚骨野郎 宇治店","〒611-0021 京都府宇治市宇治妙楽173-3 ",34.891797,135.804893,"京阪宇治線","宇治（京阪線）駅","徒歩5",NA,"京都府",0,NA
"6167460","新福菜館 久御山店","〒613-0034 京都府久世郡久御山町佐山双栗43 ",NA,NA,"近鉄京都線","大久保（京都府）駅","徒歩27",NA,"京都府",1,3.5
"5506739","来来亭 六地蔵店","〒612-8002 京都府京都市伏見区桃山町山ノ下19-13 ",34.93963,135.795437,"京都市営東西線","六地蔵（奈良線・京都市営）駅","徒歩12",NA,"京都府",0,NA
"6053395","スープ食道 宝","〒612-8379 京都府京都市伏見区南寝小屋町14 ",34.938166,135.750869,"京阪本線","丹波橋駅","徒歩18",NA,"京都府",1,3.5
"7090367","どうとんぼり神座","〒601-8327 京都府京都市南区吉祥院御池町31 イオン洛南店2F",NA,NA,"","","",NA,"京都府",0,NA
"7239586","平源","〒627-0111 京都府京丹後市弥栄町溝谷3440 ",35.658392,135.092552,"","","",NA,"京都府",0,NA
"7113289","天天有 ひるまや","〒613-0022 京都府久世郡久御山町市田和気38-2 ",34.88823,135.751201,"","","",NA,"京都府",1,4
"6385721","天下一品 福知山店","〒620-0055 京都府福知山市篠尾新町4-81 ",35.301148,135.108941,"京都丹後鉄道宮福線","福知山市民病院口駅","徒歩10",NA,"京都府",0,NA
"5506846","ラーメンさっちゃん","〒617-0004 京都府向日市鶏冠井町草田32-17 ",34.939395,135.710111,"阪急京都本線","西向日駅","徒歩12",NA,"京都府",0,NA
"7455539","麺処 森元 松井山手店","〒614-8287 京都府八幡市美濃山出口13-1 ",34.844828,135.713256,"JR片町線〔学研都市線〕","松井山手駅","徒歩28",NA,"京都府",0,NA
"7298980","中華そば みみお","〒606-8314 京都府京都市左京区吉田下大路町16 ",35.02131,135.782377,"京阪本線（鴨東線）","神宮丸太町駅","徒歩15",NA,"京都府",0,NA
"5506683","ラーメンかみのばし大栄","〒615-0905 京都府京都市右京区梅津石灘町49 ",35.000821,135.708009,"阪急京都本線","西京極駅","徒歩21",NA,"京都府",0,NA
"5506693","来来亭 太秦店","〒616-8185 京都府京都市右京区太秦開日町8-1 ",35.021252,135.697576,"京福北野線","常盤（京都府）駅","徒歩9",NA,"京都府",0,NA
"6346632","青龍","〒601-1456 京都府京都市伏見区小栗栖南後藤町83-2 ",34.945366,135.802326,"京都市営東西線","石田（京都府）駅","徒歩8",NA,"京都府",0,NA
"5506870","来る来る亭","〒629-3410 京都府京丹後市久美浜町260-1 ",35.602333,134.898727,"京都丹後鉄道宮豊線","久美浜駅","徒歩7",NA,"京都府",0,NA
"5907299","ラーメン屋台 吉祥院店","〒601-8341 京都府京都市南区吉祥院前田町2-2 ",34.969873,135.735108,"JR東海道本線（米原-神戸）","西大路駅","徒歩17",NA,"京都府",0,NA
"5506501","天下一品 今出川店","〒602-0901 京都府京都市上京区室町今出川下る北小路室町390-1 ",35.028908,135.758273,"京都市営烏丸線","今出川駅","徒歩1",NA,"京都府",0,NA
"7464904","京都ラーメン 旭","〒610-0101 京都府城陽市平川浜道裏41-1 ",34.867018,135.762601,"近鉄京都線","久津川駅","徒歩16",NA,"京都府",0,NA
"5506798","森のこびと","〒625-0024 京都府舞鶴市田中町22-1 ",35.481643,135.419435,"","","",NA,"京都府",0,NA
"5262001","赤のれん","〒610-0252 京都府綴喜郡宇治田原町荒木西出4 ",34.852953,135.857332,"","","",NA,"京都府",0,NA
"7734599","キラメキノトリ 京都久御山店","〒613-0036 京都府久世郡久御山町田井荒見75-1 ",34.882144,135.737983,"","","",NA,"京都府",0,NA
"6273337","天龍","〒600-8863 京都府京都市下京区七条御所ノ内本町 ",NA,NA,"","","",NA,"京都府",0,NA
"7267059","煮干そば 藍","〒606-8304 京都府京都市左京区吉田下阿達町29-1 ",35.022123,135.774122,"京阪本線（鴨東線）","神宮丸太町駅","徒歩7",NA,"京都府",0,NA
"6952807","麺屋 Somie’s","〒620-0045 京都府福知山市駅前町24 ",35.298835,135.119132,"京都丹後鉄道宮福線","福知山駅","徒歩4",NA,"京都府",0,NA
"6369982","京都ラーメン たかばし 横大路店","〒612-8293 京都府京都市伏見区横大路橋本18-1 ",34.926266,135.742275,"京阪宇治線","中書島駅","徒歩23",NA,"京都府",0,NA
"7298979","麺家 あくた川","〒602-0022 京都府京都市上京区上立売東町44 ",35.031811,135.759237,"京都市営烏丸線","今出川駅","徒歩1",NA,"京都府",0,NA
"7204851","希望軒 亀岡店","〒621-0854 京都府亀岡市下矢田町3-16-5 ",35.007506,135.578789,"ＪＲ山陰本線","亀岡駅","徒歩19",NA,"京都府",0,NA
"7510758","鶏そば あやむや 烏丸店","〒604-8222 京都府京都市中京区新町通四条上ル東入観音堂町470 道家ビル1F",35.004281,135.75736,"","","",NA,"京都府",0,NA
"7329777","喜らく","〒616-8161 京都府京都市右京区太秦東蜂岡町10 東映太秦映画村内",35.016256,135.708606,"京福嵐山本線","太秦広隆寺駅","徒歩1",NA,"京都府",0,NA
"6310319","麺屋 極鶏","〒606-8123 京都府京都市左京区一乗寺西閉川原町29-7 ",35.047193,135.78712,"叡山電鉄本線","一乗寺駅","徒歩6",1000,"京都府",3,3.83333333333333
"6840597","ねこまた","〒605-0862 京都府京都市東山区清水4-138 ",34.997521,135.777087,"京阪本線","祇園四条駅","徒歩12",NA,"京都府",0,NA
"5295716","万福","〒600-8491 京都府京都市下京区鶏鉾町474 ",35.003572,135.757855,"阪急京都本線","烏丸駅","徒歩1",NA,"京都府",0,NA
"6359141","じゅげむ","〒616-8126 京都府京都市右京区太秦椙ケ本町5-8 ",35.010124,135.707601,"京福嵐山本線","太秦広隆寺駅","徒歩6",NA,"京都府",2,3.5
"5714137","九九ッ","〒606-0827 京都府京都市左京区下鴨西半木町70-2 ",35.044023,135.765747,"京都市営烏丸線","北大路駅","徒歩8",NA,"京都府",0,NA
"5506662","天下一品 太秦店","〒616-8165 京都府京都市右京区太秦桂ヶ原町20-5 ",35.014489,135.70429,"京福北野線","撮影所前駅","徒歩3",NA,"京都府",0,NA
"5816237","来来亭 一乗寺店","〒606-8175 京都府京都市左京区一乗寺築田町2-1 ",35.040152,135.788973,"叡山電鉄本線","一乗寺駅","徒歩7",NA,"京都府",0,NA
"7610520","青龍ラーメン","〒604-8017 京都府京都市中京区材木町175 京都ゴールデンビル 1F",35.008211,135.770654,"京阪本線","三条（京都府）駅","徒歩3",NA,"京都府",0,NA
"7070800","天下一品 宇治田原店","〒610-0241 京都府綴喜郡宇治田原町南小字亥子90-1 ",34.850456,135.856051,"","","",NA,"京都府",0,NA
"5506800","ラーメン一丁","〒624-0927 京都府舞鶴市平野屋広小路角 ",NA,NA,"","","",NA,"京都府",0,NA
"5506738","来来亭 新堀川店","〒612-8209 京都府京都市伏見区下鳥羽南六反長町22 ",34.931222,135.751402,"京阪宇治線","中書島駅","徒歩15",NA,"京都府",0,NA
"5405466","チャイニーズ きんちゃん","〒612-0012 京都府京都市伏見区深草一ノ坪町41 1F",34.968518,135.767896,"京阪本線","伏見稲荷駅","徒歩2",900,"京都府",0,NA
"7625388","らぁ麺すぐる","〒606-8007 京都府京都市左京区山端壱町田町8-6 京福修学院マンション1F",35.049987,135.791164,"叡山電鉄本線","修学院駅","徒歩1",NA,"京都府",0,NA
"6767719","漫天兄弟","〒601-8046 京都府京都市南区東九条西山町25-4 ",34.978689,135.755411,"近鉄京都線","東寺駅","徒歩4",NA,"京都府",0,NA
"7093143","来来亭 河原町三条店","〒604-8031 京都府京都市中京区大黒町37 文明堂京都ビル1F",35.008647,135.769293,"京阪本線","三条（京都府）駅","徒歩3",NA,"京都府",0,NA
"7093158","たけ井 R1号店","〒614-8054 京都府八幡市八幡南山57-2 ",34.855491,135.707836,"","","",NA,"京都府",0,NA
"6273333","ラーメン軍団","〒606-8111 京都府京都市左京区高野泉町6-74 ",35.046596,135.784956,"叡山電鉄本線","一乗寺駅","徒歩7",NA,"京都府",0,NA
"7483485","黄金らーめん大勝","〒624-0951 京都府舞鶴市上福井54-1 ",35.445305,135.294752,"京都丹後鉄道宮舞線","四所駅","徒歩7",NA,"京都府",0,NA
"7141811","玄海太郎","〒624-0816 京都府舞鶴市伊佐津200-5 バザールタウン舞鶴",35.440039,135.331539,"京都丹後鉄道宮舞線","西舞鶴駅","徒歩5",NA,"京都府",0,NA
"7121966","IPPUDO RAMEN EXPRESS 京都桂川店","〒601-8211 京都府京都市南区久世高田町376-1 イオンモール京都桂川3Fフードコート内",34.965398,135.706619,"阪急京都本線","洛西口駅","徒歩5",NA,"京都府",0,NA
"6272881","ラーメン 名木","〒611-0044 京都府宇治市伊勢田町名木3 ",NA,NA,"","","",NA,"京都府",0,NA
"7112085","あらじん","〒606-8112 京都府京都市左京区一乗寺西杉ノ宮町38-4 ",35.046293,135.786198,"叡山電鉄本線","一乗寺駅","徒歩5",NA,"京都府",0,NA
"5506715","天下一品 竹田店","〒612-8411 京都府京都市伏見区竹田久保町20-4 ",34.963346,135.761711,"京都市営烏丸線","くいな橋駅","徒歩5",NA,"京都府",3,2.83333333333333
"7003463","塩元帥 京田辺店","〒610-0313 京都府京田辺市三山木上谷浦29 ",34.798879,135.782154,"近鉄京都線","三山木駅","徒歩6",NA,"京都府",0,NA
"6909115","香来 中央市場店","〒600-8847 京都府京都市下京区朱雀分木町80 京都中央卸売市場　関連12号棟",34.992509,135.74124,"ＪＲ山陰本線（京都-米子）","丹波口駅","徒歩5",NA,"京都府",2,NA
"7463941","京都千丸 しゃかりき むらさき","〒600-8216 京都府京都市下京区東塩小路町721-1 京都タワービル B1F",34.987533,135.759205,"京都市営烏丸線","京都駅","徒歩1",NA,"京都府",0,NA
"5208434","揚記らぁめん","〒622-0213 京都府船井郡京丹波町須知小色紙田3-5 ",NA,NA,"","","",NA,"京都府",0,NA
"7632626","きんせい 京都拉麺小路店","〒600-8175 京都府京都市下京区烏丸通塩小路下ル東塩小路町901 京都駅ビル 10F 京都拉麺小路内",34.985669,135.758008,"近鉄京都線","京都駅","徒歩1",NA,"京都府",0,NA
"5822446","ラーメン東大 京都店","〒600-8216 京都府京都市下京区東塩小路町901 京都駅ビル10F",34.98568,135.75802,"近鉄京都線","京都駅","徒歩1",NA,"京都府",1,NA
"5506809","但馬ラーメン 春日森店","〒611-0042 京都府宇治市小倉町春日森6 ",34.899513,135.783798,"近鉄京都線","小倉（京都府）駅","徒歩10",NA,"京都府",0,NA
"7429641","大黒やらーめん亀岡店","〒621-0826 京都府亀岡市篠町篠杢殿林16-7 ",35.001105,135.605577,"JR山陰本線（京都-米子）","馬堀駅","徒歩18",NA,"京都府",0,NA
"6074733","天天有 長岡京店","〒617-0814 京都府長岡京市今里北ノ町15-1 ",34.935059,135.692141,"阪急京都本線","長岡天神駅","徒歩15",NA,"京都府",2,3.5
"5506688","ラーメン大輝","〒615-0917 京都府京都市右京区梅津西浦町16 ",35.003182,135.697216,"阪急嵐山線","松尾大社駅","徒歩8",NA,"京都府",0,NA
"7196204","神来","〒601-8417 京都府京都市南区西九条鳥居口町1 イオンモールKYOTO",34.982838,135.755817,"近鉄京都線","京都駅","徒歩6",NA,"京都府",0,NA
"7197136","めんや 美鶴","〒604-8154 京都府京都市中京区菊水鉾町587 ",35.004006,135.758233,"阪急京都本線","烏丸駅","徒歩1",NA,"京都府",2,NA
"7493995","中野屋らーめん THE JIRO 今出川店","〒602-0901 京都府京都市上京区北小路室町390-4 ",35.028941,135.758084,"京都市営烏丸線","今出川駅","徒歩1",NA,"京都府",0,NA
"5506756","来来亭 山科新十条店","〒607-8306 京都府京都市山科区西野山中鳥井町60-1 ",34.971099,135.799799,"京都市営東西線","椥辻駅","徒歩17",NA,"京都府",0,NA
"7627950","中華そば専門 珍遊 一乗寺本店","〒606-8184 京都府京都市左京区一乗寺払殿町24 ",NA,NA,"","","",NA,"京都府",5,2.6
"7751868","ナリタヤ 祇園店 別館","〒605-0062 京都府京都市東山区林下町422-2 サンピアザ1F",35.00575,135.776609,"","","",NA,"京都府",0,NA
"6344357","京都 龍旗信","〒604-8062 京都府京都市中京区蛸薬師通麩屋町東入蛸屋町157-11 ",35.006094,135.766048,"阪急京都本線","京都河原町駅","徒歩4",NA,"京都府",1,3.5
"7239900","らーめん日本一","〒600-8813 京都府京都市下京区中堂寺南町105 ゴ-ルドハイツ五条1F",34.995656,135.739596,"JR山陰本線（京都-米子）","丹波口駅","徒歩4",NA,"京都府",0,NA
"6921200","猪一","〒600-8033 京都府京都市下京区恵美須之町542 ",35.001337,135.766963,"","","",NA,"京都府",3,4
"7178497","珍遊 大手筋店","〒612-8059 京都府京都市伏見区南部町50 ",34.934605,135.761129,"京阪本線","伏見桃山駅","徒歩7",NA,"京都府",0,NA
"5506790","第一旭 西舞鶴店","〒624-0928 京都府舞鶴市竹屋152 ",35.451122,135.325866,"京都丹後鉄道宮舞線","西舞鶴駅","徒歩16",NA,"京都府",0,NA
"6272780","ラーメン魁力屋 本店","〒606-8126 京都府京都市左京区一乗寺向畑町17 ",35.047407,135.792195,"叡山電鉄本線","修学院駅","徒歩6",NA,"京都府",3,4.66666666666667
"6515442","大宝","〒600-8177 京都府京都市下京区大坂町404 ",34.994234,135.759916,"京都市営烏丸線","五条（京都市営）駅","徒歩1",NA,"京都府",0,NA
"5506840","ほそかわ 城陽店","〒610-0121 京都府城陽市寺田高田44-7 ",34.854373,135.779964,"ＪＲ奈良線","城陽駅","徒歩4",NA,"京都府",0,NA
"7625387","町田商店 長岡京店","〒617-0835 京都府長岡京市城の里14-1 ",34.915698,135.707073,"JR東海道本線（米原-神戸）","長岡京駅","徒歩17",NA,"京都府",0,NA
"6911876","タイカレーラーメン シャム","〒604-8873 京都府京都市中京区壬生花井町23-4 四条壬生ビル1F",35.003777,135.741964,"阪急京都本線","大宮（京都府）駅","徒歩6",NA,"京都府",0,NA
"6167459","ゆう","〒600-8831 京都府京都市下京区七条大宮西入ル花畑町582 ",34.988965,135.747773,"JR山陰本線（京都-米子）","丹波口駅","徒歩15",NA,"京都府",0,NA
"6273174","福仙楼 北白川店","〒606-8275 京都府京都市左京区北白川上別当町1 第2青山荘1F4",35.031681,135.791693,"叡山電鉄本線","茶山（京都府）駅","徒歩15",NA,"京都府",0,NA
"7416944","彩華ラーメン 八幡店","〒614-8041 京都府八幡市八幡吉原12-3 ",34.863593,135.709964,"","","",NA,"京都府",0,NA
"7115990","ラー麺 ずんどう屋 京都八幡店","〒614-8053 京都府八幡市八幡水珀13-1 ",34.856627,135.709528,"","","",NA,"京都府",0,NA
"5506767","来来亭 桂川店","〒615-8071 京都府京都市西京区桂春日町4-1 ",34.982751,135.707927,"阪急京都本線","桂駅","徒歩10",NA,"京都府",1,2.5
"7563394","長浜ラーメン一番 福知山駅前店","〒620-0045 京都府福知山市駅前町16-1 竹内ビル1F",35.298299,135.119059,"京都丹後鉄道宮福線","福知山駅","徒歩3",NA,"京都府",0,NA
"6383893","Sugakiya 精華台アピタ店","〒619-0238 京都府相楽郡精華町精華台9-2-4 アピタ精華台店1F",34.74546,135.770135,"","","",NA,"京都府",0,NA
"5506565","天下一品 二条駅前店","〒604-8383 京都府京都市中京区西ノ京小堀町2-3 ",35.013165,135.742745,"京都市営東西線","二条駅","徒歩1",NA,"京都府",2,3
"5506485","ラーメン 將陽","〒603-8333 京都府京都市北区大将軍東鷹司町62-2 ",35.022658,135.731415,"京福北野線","北野白梅町駅","徒歩7",NA,"京都府",0,NA
"6344386","豚人 京都一乗寺店","〒606-8113 京都府京都市左京区一乗寺東杉ノ宮町42 ",35.046199,135.788076,"叡山電鉄本線","一乗寺駅","徒歩4",NA,"京都府",0,NA
"7355646","らーめんトリトン 深草店","〒612-0015 京都府京都市伏見区深草ｽｽﾊｷ町30-3 ",34.96476,135.769283,"京阪本線","深草駅","徒歩1",NA,"京都府",0,NA
"5506537","麺や向日葵","〒606-8417 京都府京都市左京区浄土寺西田町100-28 ",35.02829,135.788888,"叡山電鉄本線","元田中駅","徒歩18",NA,"京都府",0,NA
"5506849","一大事","〒617-0817 京都府長岡京市滝ノ町2-5-9 ",34.9438,135.695879,"阪急京都本線","西向日駅","徒歩11",NA,"京都府",0,NA
"5714166","台湾ラーメン 大ちゃん","〒619-0201 京都府木津川市山城町綺田川久保45-1 ",34.784682,135.806972,"ＪＲ奈良線","棚倉駅","徒歩18",NA,"京都府",0,NA
"7176783","らぁ麺 とうひち","〒603-8475 京都府京都市北区大宮北箱ノ井町33-6 セルリアンハイツ1F",35.054083,135.740938,"京都市営烏丸線","北大路駅","徒歩29",NA,"京都府",0,NA
"7691214","麺屋 龍仙 城陽店","〒610-0121 京都府城陽市寺田金尾60-8 ",34.84714,135.764679,"近鉄京都線","寺田（京都府）駅","徒歩17",NA,"京都府",0,NA
"7649501","らーめん錦","〒605-0083 京都府京都市東山区橋本町416 ",35.005811,135.77634,"京阪本線","祇園四条駅","徒歩6",NA,"京都府",0,NA
"7691086","てっぺん","〒613-0033 京都府久世郡久御山町林北畑92-1 クレス久御山ビル1F",34.880536,135.754404,"近鉄京都線","伊勢田駅","徒歩30",NA,"京都府",0,NA
"6276716","あんびしゃす花","〒606-0826 京都府京都市左京区下鴨西本町44 ",35.043762,135.769386,"京都市営烏丸線","北大路駅","徒歩12",NA,"京都府",0,NA
"5506789","三福","〒625-0024 京都府舞鶴市田中町1-3 ",35.481062,135.417357,"","","",NA,"京都府",0,NA
"5506714","天下一品 1号線下鳥羽店","〒612-8466 京都府京都市伏見区下鳥羽城ノ越町109 ",34.941173,135.74495,"京阪本線","丹波橋駅","徒歩24",NA,"京都府",0,NA
"5057384","第一旭 寺田店","〒610-0121 京都府城陽市寺田垣内後49-1 ",34.856398,135.77713,"ＪＲ奈良線","城陽駅","徒歩6",NA,"京都府",0,NA
"5506844","どさん娘物集女店","〒617-0001 京都府向日市物集女町クヅ子11-14 ",34.964325,135.696961,"阪急京都本線","洛西口駅","徒歩7",NA,"京都府",0,NA
"5619221","凡蔵屋","〒619-0240 京都府相楽郡精華町祝園西1-9-46 せいかガーデンシティ1F",34.760256,135.790763,"JR片町線〔学研都市線〕","祝園駅","徒歩2",NA,"京都府",0,NA
"5506716","天天有 伏見大手筋店","〒612-8054 京都府京都市伏見区御堂前町617-1 山京桃山ビル1F",34.932566,135.761929,"京阪本線","伏見桃山駅","徒歩3",NA,"京都府",0,NA
"7604133","京都嵯峨野 京まつり トロッコ嵯峨駅店","〒616-8373 京都府京都市右京区嵯峨天竜寺車道町 トロッコ嵯峨駅",NA,NA,"","","",NA,"京都府",0,NA
"7219895","天下一品 新京極三条店","〒604-8036 京都府京都市中京区三条通寺町東入石橋町7-1 ",35.008536,135.76739,"京都市営東西線","京都市役所前駅","徒歩6",NA,"京都府",0,NA
"6263098","味見鶏 まるめん","〒617-0006 京都府向日市上植野町上川原7-8 ",34.940764,135.700001,"阪急京都本線","西向日駅","徒歩22",NA,"京都府",0,NA
"6018619","風来房","〒617-0833 京都府長岡京市神足大張8 ",34.921648,135.709558,"","","",NA,"京都府",5,4.375
"5506480","天下一品 佛大前店","〒603-8231 京都府京都市北区紫野大徳寺町26-21 ",35.043178,135.738605,"京都市営烏丸線","北大路駅","徒歩26",NA,"京都府",0,NA
"5224151","富士","〒601-0734 京都府南丹市美山町長尾野崎7-1 ",35.275862,135.589918,"","","",NA,"京都府",0,NA
"6613940","らーめん専門店 麺楽","〒625-0036 京都府舞鶴市浜441-2 ",35.474765,135.395576,"ＪＲ小浜線","東舞鶴駅","徒歩10",NA,"京都府",0,NA
"7625054","京辛麺 KYO-KARA 木屋町店","〒604-8032 京都府京都市中京区山崎町258-24 ",35.007386,135.769859,"京阪本線","三条（京都府）駅","徒歩5",NA,"京都府",0,NA
"7265530","タンポポ","〒603-8245 京都府京都市北区紫野西蓮台野町57 ",35.046064,135.738719,"京都市営烏丸線","北大路駅","徒歩25",NA,"京都府",1,3
"7196200","らーめん家まあご","〒602-8384 京都府京都市上京区紙屋川町1015-3 ロイヤルメゾン白梅町 1F",35.027402,135.733789,"京福北野線","北野白梅町駅","徒歩2",NA,"京都府",2,NA
"6273465","ミスターラーメン","〒617-0814 京都府長岡京市今里2-13-12 ",34.933676,135.688141,"阪急京都本線","長岡天神駅","徒歩15",NA,"京都府",0,NA
"7711555","百歳牛肉麺","〒612-0029 京都府京都市伏見区深草西浦町2-116-5 ",34.960333,135.765303,"京阪本線","藤森駅","徒歩11",NA,"京都府",0,NA
"5506791","天下一品 東舞鶴店","〒625-0036 京都府舞鶴市字浜161-1 ",35.475296,135.395429,"ＪＲ小浜線","東舞鶴駅","徒歩11",NA,"京都府",0,NA
"7210265","紫蔵","〒603-8352 京都府京都市北区平野宮北町14 ",35.033232,135.731742,"京福北野線","北野白梅町駅","徒歩9",NA,"京都府",0,NA
"5506777","長浜ラーメン","〒629-1314 京都府福知山市夜久野町小倉113-8 ",35.334857,134.929811,"ＪＲ山陰本線（京都-米子）","上夜久野駅","徒歩18",NA,"京都府",0,NA
"6917998","希望軒 長岡天神店","〒617-0824 京都府長岡京市天神1-30-1 ",34.925854,135.692824,"阪急京都本線","長岡天神駅","徒歩1",NA,"京都府",0,NA
"7679833","あいつのラーメン かざぐるま","〒603-8325 京都府京都市北区北野上白梅町24 ジュノー雅1F",35.027594,135.730745,"京福北野線","北野白梅町駅","徒歩1",NA,"京都府",0,NA
"5506779","ふくちあん 本店","〒620-0940 京都府福知山市駅南町3-48 ",35.293338,135.117199,"京都丹後鉄道宮福線","福知山駅","徒歩4",NA,"京都府",1,5
"6733817","一福","〒610-1143 京都府京都市西京区大原野東境谷町2-5-8 ラクセーヌ専門店1F",34.962662,135.676492,"","","",NA,"京都府",0,NA
"7627919","煌力","〒604-8273 京都府京都市中京区西洞院通姉小路下る姉西洞院町545 ホワイトプラザ1F",35.009685,135.755035,"京都市営烏丸線","烏丸御池駅","徒歩6",NA,"京都府",1,4
"7714040","ラーメン魁力屋 山科小野店","〒607-8251 京都府京都市山科区小野蚊ケ瀬町60-1 ",34.96397,135.813001,"京都市営東西線","小野（京都府）駅","徒歩4",NA,"京都府",0,NA
"5057560","第一旭 久御山店","〒613-0034 京都府久世郡久御山町佐山東代8-10 ",34.874923,135.754693,"近鉄京都線","大久保（京都府）駅","徒歩26",NA,"京都府",0,NA
"0140850","ラーメン餃子館 小次郎","〒615-0812 京都府京都市右京区西京極大門町9 ",34.98994,135.727391,"阪急京都本線","西京極駅","徒歩13",NA,"京都府",0,NA
"5506621","丸勝ラーメン","〒600-8363 京都府京都市下京区大宮丹波口下西側 ",NA,NA,"","","",NA,"京都府",0,NA
"7738183","らーめん処 克享","〒612-0015 京都府京都市伏見区深草ススハキ町24-3 ",34.965516,135.768539,"","","",NA,"京都府",0,NA
"7666438","京都 麺屋たけ井 TauT阪急洛西口店","〒615-8103 京都府京都市西京区川島六ノ坪町50-2 ",NA,NA,"","","",NA,"京都府",0,NA
"7113970","無双心 祇園店","〒605-0933 京都府京都市東山区大和大路四条下ル小松町558-2 ",35.001634,135.77294,"京阪本線","祇園四条駅","徒歩2",NA,"京都府",0,NA
"6420268","格別ヤ東舞鶴店","〒625-0080 京都府舞鶴市北吸1045-29 ",35.473557,135.386716,"ＪＲ小浜線","東舞鶴駅","徒歩13",NA,"京都府",0,NA
"5506627","ラーメン百万石","〒600-8813 京都府京都市下京区中堂寺南町123 ",34.995809,135.740882,"JR山陰本線（京都-米子）","丹波口駅","徒歩2",NA,"京都府",0,NA
"6980934","田所商店 城陽店","〒610-0121 京都府城陽市寺田高田48-7 ",34.854348,135.778847,"JR奈良線","城陽駅","徒歩5",NA,"京都府",0,NA
"7758857","京都醍醐魂心家","〒601-1378 京都府京都市伏見区醍醐川久保町36-1 ",34.954549,135.812071,"京都市営東西線","醍醐（京都府）駅","徒歩4",NA,"京都府",0,NA
"5506804","ラーメンハウス 盾","〒623-0066 京都府綾部市駅前通14-1 ",35.300446,135.25227,"JR山陰本線（京都-米子）","綾部駅","徒歩2",NA,"京都府",0,NA
"7472956","ラーメン彩心","〒603-8832 京都府京都市北区大宮南田尻町53-1 ",35.057124,135.74917,"京都市営烏丸線","北大路駅","徒歩20",NA,"京都府",0,NA
"7472990","ら～めん京 西院駅前店","〒615-0014 京都府京都市右京区西院巽町4 ",35.003402,135.730385,"阪急京都本線","西院〔阪急線〕駅","徒歩1",NA,"京都府",0,NA
"7501256","京都北白川 ラーメン魁力屋 吉祥院店","〒601-8356 京都府京都市南区吉祥院石原京道町30 ",NA,NA,"","","",NA,"京都府",0,NA
"7710602","味幸","〒627-0026 京都府京丹後市峰山町古殿48 ",35.625121,135.055759,"京都丹後鉄道宮豊線","峰山駅","徒歩21",NA,"京都府",0,NA
"7053912","かがり 木屋町店","〒604-8024 京都府京都市中京区紙屋町365 ",35.005003,135.770054,"阪急京都本線","京都河原町駅","徒歩2",NA,"京都府",0,NA
"6216711","四川ラーメン 大","〒602-8306 京都府京都市上京区千本寺之内上ル西五辻北町434 ",35.034679,135.741328,"京福北野線","北野白梅町駅","徒歩20",NA,"京都府",0,NA
"5057531","ラーメン藤","〒629-2503 京都府京丹後市大宮町周枳2072 ",35.586668,135.097207,"京都丹後鉄道宮豊線","京丹後大宮駅","徒歩15",NA,"京都府",1,5
"7524652","原点にして頂点 京都駅前本店","〒600-8233 京都府京都市下京区北不動堂町570-3 ",34.987279,135.754711,"JR奈良線","京都駅","徒歩5",NA,"京都府",0,NA
"6346633","つけ麺本舗  ぐうりんだい","〒620-0045 京都府福知山市駅前町3 ",35.297829,135.118871,"京都丹後鉄道宮福線","福知山駅","徒歩3",NA,"京都府",1,5
"7076818","ラーメン 京龍","〒600-8389 京都府京都市下京区四条大宮町18-7 ",35.003041,135.749246,"京福嵐山本線","四条大宮駅","徒歩1",NA,"京都府",0,NA
"7746316","凡蔵屋 アル・プラザ木津店","〒619-0222 京都府木津川市相楽城西15 アル・プラザ木津1F",34.738592,135.791953,"","","",NA,"京都府",0,NA
"5506772","第一旭  福知山店","〒620-0000 京都府福知山市堀下高田2374-8 ",NA,NA,"","","",NA,"京都府",0,NA
"5174290","中華居酒屋ちゃいなや","〒615-0812 京都府京都市右京区西京極大門町20-25 ",34.990056,135.725594,"阪急京都本線","西京極駅","徒歩11",NA,"京都府",0,NA
"5405518","ラーメン桂","〒615-8085 京都府京都市西京区桂千代原町67 ",34.983148,135.695928,"阪急京都本線","桂駅","徒歩12",NA,"京都府",0,NA
"5506652","みそ膳 ぐっさん","〒601-8445 京都府京都市南区西九条菅田町27-1 ",34.973906,135.748359,"近鉄京都線","十条（近鉄線）駅","徒歩5",NA,"京都府",0,NA
"7337442","やまさんらーめん四条河原町店","〒600-0000 京都府京都市下京区河原町通四条下る2-稲荷町329 エリッツ四条河原町ビル1F",NA,NA,"","","",NA,"京都府",0,NA
"7056806","蓮 京阪伏見稲荷店","〒612-0012 京都府京都市伏見区深草一ノ坪町27-18 ",34.968229,135.769416,"京阪本線","伏見稲荷駅","徒歩1",NA,"京都府",0,NA
"6344385","池田屋 一乗寺店","〒606-8106 京都府京都市左京区高野玉岡町33-9 ",35.045326,135.78499,"叡山電鉄本線","一乗寺駅","徒歩5",NA,"京都府",0,NA
"6752853","ラーメン横綱 一乗寺店","〒606-8182 京都府京都市左京区一乗寺赤ノ宮町14-3 ",35.04171,135.78286,"叡山電鉄本線","茶山（京都府）駅","徒歩8",NA,"京都府",0,NA
"6361466","天下一品 知恩院前店","〒605-0063 京都府京都市東山区新門前通大和大路東入4丁目松原町272-5 ",35.005695,135.77785,"京都市営東西線","東山（京都府）駅","徒歩6",NA,"京都府",0,NA
"7500494","麺屋キラメキ京都三条綾部安国寺店","〒623-0116 京都府綾部市下八田町才ケ花35-6 ",35.317286,135.284794,"JR舞鶴線","淵垣駅","徒歩19",NA,"京都府",0,NA
"7221123","家系ラーメン 山下醤造","〒604-8381 京都府京都市中京区西ノ京職司町19 ",35.010327,135.742811,"JR山陰本線（京都-米子）","二条駅","徒歩2",NA,"京都府",1,4
"6296327","中華そば 萬福 京都駅前店","〒600-8235 京都府京都市下京区油小路通塩小路下ル東油小路町552-14 ",34.986216,135.754164,"JR奈良線","京都駅","徒歩5",NA,"京都府",0,NA
"6969468","ばんらい屋","〒612-0029 京都府京都市伏見区深草西浦町8-114-1 武一ビル1F",NA,NA,"","","",NA,"京都府",0,NA
"7649262","麺屋 裕","〒607-8153 京都府京都市山科区東野百拍子町25-2 ",34.978374,135.815719,"京都市営東西線","東野（京都府）駅","徒歩4",NA,"京都府",0,NA
"7152351","キラメキ チキンハート","〒615-0074 京都府京都市右京区山ノ内苗町28 ",35.005871,135.719411,"京福嵐山本線","山ノ内（京都府）駅","徒歩7",NA,"京都府",2,NA
"5506868","来来亭 京田辺店","〒610-0331 京都府京田辺市田辺深田56-1 ",34.814938,135.77008,"ＪＲ片町線〔学研都市線〕","京田辺駅","徒歩9",NA,"京都府",0,NA
"5603545","京ラーメンさだかず","〒605-0073 京都府京都市東山区祇園町北側281-1-1 ",35.004209,135.776262,"京阪本線","祇園四条駅","徒歩5",NA,"京都府",0,NA
"6950602","徳島ラーメン 麺魂 京都久世店","〒601-8205 京都府京都市南区久世殿城町448 ",NA,NA,"","","",NA,"京都府",2,NA
"6395107","元町らーめん 四条烏丸店 本店","〒604-8143 京都府京都市中京区阪東屋町664-27 ",35.00445,135.76051,"阪急京都本線","烏丸駅","徒歩2",NA,"京都府",0,NA
"6742491","一番星","〒612-0028 京都府京都市伏見区深草飯食町781-16 ",34.955989,135.768785,"京阪本線","藤森駅","徒歩3",NA,"京都府",0,NA
"6139043","天下一品 南座前店","〒605-0075 京都府京都市東山区四条通大和大路西入中之町200 カモガワビル1F",35.00412,135.772756,"","","",NA,"京都府",1,3
"6005859","来来亭 長岡京店","〒617-0006 京都府向日市上植野町桑原15-1 ",34.931654,135.711178,"阪急京都本線","西向日駅","徒歩19",NA,"京都府",1,3
"6432651","たかばしラーメン 亀岡店","〒621-0826 京都府亀岡市篠町篠杢殿林16-3 ",35.001363,135.605782,"JR山陰本線（京都-米子）","馬堀駅","徒歩17",NA,"京都府",0,NA
"6717988","天下一品 アル・プラザ城陽店","〒610-0111 京都府城陽市富野荒見田112 アル・プラザ城陽フードコート内",34.84243,135.785838,"ＪＲ奈良線","長池駅","徒歩4",NA,"京都府",0,NA
"7500452","京ら～めん 麿坐","〒616-8384 京都府京都市右京区嵯峨天龍寺造路町31-4 ",35.013919,135.679331,"京福嵐山本線","嵐山〔嵐電〕駅","徒歩4",NA,"京都府",0,NA
"7121962","ラーメン魁力屋 イオンモール京都桂川店","〒601-8601 京都府京都市南区久世高田町376-1 3Fフードコート内",34.965398,135.706619,"阪急京都本線","洛西口駅","徒歩5",NA,"京都府",0,NA
"5057532","来来亭 京丹後店","〒629-2502 京都府京丹後市大宮町河辺750-5 ",35.595539,135.090221,"京都丹後鉄道宮豊線","京丹後大宮駅","徒歩28",NA,"京都府",0,NA
"6893933","ラーメン萬福 下鳥羽本店","〒612-8392 京都府京都市伏見区下鳥羽北ノ口町88 ",34.940488,135.748969,"京阪本線","丹波橋駅","徒歩19",NA,"京都府",1,3.5
"7457742","二代目麺屋あくた川","〒603-8341 京都府京都市北区小松原北町69-15 ",35.032196,135.726084,"京福北野線","等持院駅","徒歩8",NA,"京都府",0,NA
"5506774","とん吉","〒620-0000 京都府福知山市天田犬丸224 ",NA,NA,"","","",NA,"京都府",1,3.5
"6395158","新福菜館 伏見店","〒612-8435 京都府京都市伏見区深草泓ノ壺町31-1 ",34.949042,135.758616,"","","",NA,"京都府",0,NA
"5506710","第一旭 龍谷大横店","〒612-8403 京都府京都市伏見区深草ヲカヤ町33-3 ",34.963252,135.764089,"京都市営烏丸線","くいな橋駅","徒歩7",NA,"京都府",0,NA
"5506687","ラーメン太郎","〒616-8227 京都府京都市右京区常盤草木町3-4 ",35.021149,135.70432,"","","",NA,"京都府",0,NA
"6026650","大黒ラーメン 東福寺店","〒605-0981 京都府京都市東山区本町13-246-1 ",34.98105,135.770471,"京阪本線","東福寺駅","徒歩1",NA,"京都府",2,3
"6741591","拳10ラーメン","〒604-8863 京都府京都市中京区壬生中川町10-6 川島ビル1F",35.008132,135.73637,"京福嵐山本線","西大路三条駅","徒歩6",NA,"京都府",0,NA
"6391566","京都塩元帥","〒600-8887 京都府京都市下京区西七条名倉町34-2 ",34.99087,135.730258,"阪急京都本線","西京極駅","徒歩16",NA,"京都府",4,4
"7506433","麺屋 優光","〒604-8172 京都府京都市中京区場之町588 ",35.009766,135.759293,"京都市営烏丸線","烏丸御池駅","徒歩1",NA,"京都府",0,NA
"5506477","大豊ラーメン 佛大前店","〒603-8231 京都府京都市北区紫野大徳寺町26-20 ",35.043209,135.738597,"京都市営烏丸線","北大路駅","徒歩26",NA,"京都府",0,NA
"5506569","鳳林 丸太町店","〒604-0861 京都府京都市中京区烏丸通竹屋町上る大倉町22 ノアーズ・アーク京都御所 1F",NA,NA,"","","",NA,"京都府",0,NA
"5506539","ラーメン大蔵 一乗寺店","〒606-8182 京都府京都市左京区一乗寺赤ノ宮町20 ",35.042541,135.78319,"叡山電鉄本線","一乗寺駅","徒歩6",NA,"京都府",0,NA
"7705770","ラーメン藤 福知山店","〒620-0882 京都府福知山市堀上高田2188-3 ",35.290757,135.134782,"京都丹後鉄道宮福線","福知山駅","徒歩24",NA,"京都府",0,NA
"5506694","来来亭 四条葛野大路店","〒615-0057 京都府京都市右京区西院東貝川町36-1 ",35.002552,135.719383,"京福嵐山本線","山ノ内（京都府）駅","徒歩12",NA,"京都府",3,4.16666666666667
"5506839","金ちゃんラーメン 城陽店","〒610-0101 京都府城陽市平川横道42-1 ",34.864394,135.777191,"近鉄京都線","久津川駅","徒歩2",NA,"京都府",0,NA
"6187613","紅茶ラーメン 紅 KURENAI","〒603-8244 京都府京都市北区紫野東蓮台野町10-1 ",35.045686,135.738947,"","","",NA,"京都府",0,NA
"7378681","一本槍","〒616-8303 京都府京都市右京区嵯峨広沢南下馬野町1 ",35.020611,135.695865,"京福嵐山本線","有栖川駅","徒歩8",NA,"京都府",0,NA
"7743705","ラーメン八起","〒601-8204 京都府京都市南区久世東土川町291-3 ",34.947333,135.721813,"","","",NA,"京都府",0,NA
"7456774","十番","〒606-8304 京都府京都市左京区吉田下阿達町28-2 ",35.022004,135.77435,"京阪本線（鴨東線）","神宮丸太町駅","徒歩7",NA,"京都府",0,NA
"5654678","ラーメン魁力屋 河原町三条店","〒604-8005 京都府京都市中京区河原町通三条上ル恵比須町435-2 ヒジカタビル1F",35.009227,135.769173,"","","",NA,"京都府",1,3
"6950839","大勝軒 千代原口店","〒615-8238 京都府京都市西京区山田車塚町5-2 ",34.982692,135.693039,"阪急嵐山線","上桂駅","徒歩13",NA,"京都府",0,NA
"7416442","麺屋 うまか カリッジュ久御山店","〒613-0036 京都府久世郡久御山町田井新荒見50 ",34.884494,135.739958,"","","",NA,"京都府",0,NA
"6369984","丸源ラーメン 桂店","〒615-8223 京都府京都市西京区上桂前田町60-1 ",34.989964,135.700658,"阪急嵐山線","上桂駅","徒歩7",NA,"京都府",0,NA
"5506797","めん屋550","〒624-0854 京都府舞鶴市円満寺154-1 ",35.44507,135.32788,"京都丹後鉄道宮舞線","西舞鶴駅","徒歩6",NA,"京都府",0,NA
"6304677","豚骨野郎 六地蔵店","〒611-0001 京都府宇治市六地蔵奈良町20-8 ",34.93592,135.79874,"京都市営東西線","六地蔵（奈良線・京都市営）駅","徒歩3",NA,"京都府",0,NA
"7676761","神来 イオンモール高の原店","〒619-0223 京都府木津川市相楽台1-1-1 イオンモール高の原2F",34.725977,135.790178,"近鉄京都線","高の原駅","徒歩6",NA,"京都府",0,NA
"7159015","ラーメン魁力屋 丹波口店","〒600-8812 京都府京都市下京区中堂寺北町15-1 ",34.996456,135.74137,"ＪＲ山陰本線（京都-米子）","丹波口駅","徒歩2",NA,"京都府",0,NA
"6896040","よし田","〒612-8362 京都府京都市伏見区西大手町313-1 ",34.932791,135.758521,"京阪本線","伏見桃山駅","徒歩7",NA,"京都府",2,NA
"7287593","札幌ラーメン どさん子 福知山店","〒620-0857 京都府福知山市字土師81 土師コーポラス",35.296542,135.147961,"ＪＲ","福知山駅","車8",NA,"京都府",0,NA
"7593499","たかばしラーメン 京都東インター店","〒607-8135 京都府京都市山科区大塚野溝町86-61 ",34.982976,135.827199,"京都市営東西線","東野（京都府）駅","徒歩13",NA,"京都府",0,NA
"6273597","笑福屋","〒615-0885 京都府京都市右京区西京極午塚町26 ",34.999547,135.711742,"阪急京都本線","西京極駅","徒歩21",NA,"京都府",0,NA
"7353153","担担 四条本店","〒604-8873 京都府京都市中京区四条通千本西入る壬生花井町23 ファミール四条 1F",35.003827,135.741831,"阪急京都本線","大宮（京都府）駅","徒歩6",NA,"京都府",1,5
"5506821","来来亭 槇島店","〒611-0041 京都府宇治市槇島町十八44-4 ",34.911114,135.783298,"近鉄京都線","向島駅","徒歩20",NA,"京都府",0,NA
"7234881","ラー麺陽はまた昇る","〒612-0000 京都府京都市伏見区深草一ノ坪町38-15 ",34.968596,135.768613,"","","",NA,"京都府",0,NA
"7717353","麺屋 はなび 京都拉麺小路店","〒600-8175 京都府京都市下京区烏丸通塩小路下ル東塩小路町901 京都駅ビル10F",NA,NA,"","","",NA,"京都府",0,NA
"5057472","Sugakiya 京田辺アルプラザ店","〒610-0334 京都府京田辺市田辺中央5-2-1 アルプラザ京田辺1F",34.821746,135.769041,"ＪＲ片町線〔学研都市線〕","京田辺駅","徒歩1",NA,"京都府",1,2
"7162641","祇園 泉 麺家 千本丸太町店","〒604-8404 京都府京都市中京区聚楽廻東町10-2 千本ロイヤル1F",35.017301,135.742219,"京都市営東西線","二条駅","徒歩7",NA,"京都府",2,NA
"5917588","ラーメン横綱 阪急桂店","〒615-8073 京都府京都市西京区桂野里町16-1 ミュー阪急桂3Fウエスト",34.979704,135.702658,"阪急京都本線","桂駅","徒歩1",NA,"京都府",0,NA
"7317571","屋台らーめん 同志社前店","〒602-0898 京都府京都市上京区烏丸通寺之内上る相国寺門前町647-9 ",35.035299,135.759148,"京都市営烏丸線","鞍馬口駅","徒歩3",NA,"京都府",0,NA
"7416210","Japaneseまぜ麺MARUTA","〒602-0878 京都府京都市上京区高島町338-3 ",35.017288,135.768717,"京阪本線（鴨東線）","神宮丸太町駅","徒歩4",NA,"京都府",0,NA
"7740570","醤油ラーメン専門店 陽はまた昇る","〒612-0024 京都府京都市伏見区深草野田町8-3 ",34.959353,135.7698,"京阪本線","藤森駅","徒歩4",NA,"京都府",0,NA
"5616254","京一 本店","〒604-8804 京都府京都市中京区壬生坊城町1 ",35.004148,135.748214,"阪急京都本線","大宮（京都府）駅","徒歩1",NA,"京都府",0,NA
"7678249","ラー麺ずんどう屋京都久御山店","〒613-0024 京都府久世郡久御山町森川端41-1 ",34.896451,135.743662,"","","",NA,"京都府",0,NA
"5506640","天下一品 上鳥羽店","〒601-8126 京都府京都市南区上鳥羽南花名町36 ワインハイツ水仙",34.965279,135.748179,"近鉄京都線","上鳥羽口駅","徒歩5",NA,"京都府",1,3
"5506785","来来亭 福知山店","〒620-0000 京都府福知山市字荒河小字声田和12-30 ",NA,NA,"","","",NA,"京都府",0,NA
"7649261","麺屋 猪一 離れ","〒600-8076 京都府京都市下京区泉正寺町463 ",34.999968,135.763236,"京都市営烏丸線","四条（京都市営）駅","徒歩6",NA,"京都府",0,NA
"7197139","雁木","〒602-8261 京都府京都市上京区多門町434 コスモ星の子ハイツ 1F",35.024767,135.746241,"京福北野線","北野白梅町駅","徒歩20",NA,"京都府",1,NA
"5638603","ラーメン魁力屋 四条烏丸店","〒604-8143 京都府京都市中京区東洞院通錦小路下ル阪東屋町657-3 ",35.004644,135.761193,"","","",NA,"京都府",4,3.25
"5816231","らーめん キラメキノトリ","〒602-0862 京都府京都市上京区出水町281 永田ビル1F",35.018604,135.76942,"京阪本線（鴨東線）","神宮丸太町駅","徒歩5",NA,"京都府",0,NA
"5506822","あかしや","〒626-0016 京都府宮津市新浜1940 ",NA,NA,"","","",NA,"京都府",0,NA
"6384594","ラーメン 藤 大手筋店","〒612-8369 京都府京都市伏見区村上町364-5 ",34.932789,135.757318,"京阪本線","伏見桃山駅","徒歩8",NA,"京都府",0,NA
"6408158","大勝軒 京都拉麺小路店","〒600-8216 京都府京都市下京区東塩小路町901 京都駅ビル内10F",34.98568,135.75802,"近鉄京都線","京都駅","徒歩1",NA,"京都府",0,NA
"7210264","拳ラーメン","〒600-8841 京都府京都市下京区朱雀正会町1-16 ",34.989373,135.743676,"ＪＲ山陰本線（京都-米子）","丹波口駅","徒歩9",NA,"京都府",2,4.25
"7470967","天","〒607-8347 京都府京都市山科区西野左義長町5-1 ",34.981181,135.809137,"京都市営東西線","東野（京都府）駅","徒歩8",NA,"京都府",1,3
"6286007","らーめん 彦さく","〒602-8448 京都府京都市上京区元北小路町152 ",35.029602,135.748063,"京都市営烏丸線","今出川駅","徒歩7",NA,"京都府",1,4.5
"5506650","金の豚","〒601-8435 京都府京都市南区西九条柳ノ内町83-4 ぷらむビル1F",34.972556,135.753037,"近鉄京都線","十条（近鉄線）駅","徒歩2",NA,"京都府",2,3.5
"6272883","てうれ","〒606-8243 京都府京都市左京区田中東高原町33 ",35.036883,135.787348,"叡山電鉄本線","茶山（京都府）駅","徒歩5",NA,"京都府",0,NA
"5506543","らんたん","〒606-8391 京都府京都市左京区聖護院西町12 ",35.019166,135.778947,"京阪本線（鴨東線）","神宮丸太町駅","徒歩9",NA,"京都府",0,NA
"6270520","越後秘蔵麺 無尽蔵 京都二条家","〒604-8415 京都府京都市中京区西ノ京栂尾町1-6 BiVi二条1F",NA,NA,"","","",NA,"京都府",3,3.33333333333333
"7756256","天骨庵 慶心","〒603-8408 京都府京都市北区大宮北椿原町45 高山ビル1F",35.056832,135.748979,"京都市営烏丸線","北大路駅","徒歩21",NA,"京都府",0,NA
"5808913","たかばし 京都南インター店","〒601-8143 京都府京都市南区上鳥羽麻ノ本27-3 ",34.95623,135.745302,"京都市営烏丸線","竹田（京都府）駅","徒歩16",NA,"京都府",1,4
"5822451","一楽家","〒610-0356 京都府京田辺市山手中央4-2 ",34.833105,135.724408,"ＪＲ片町線〔学研都市線〕","松井山手駅","徒歩6",NA,"京都府",0,NA
"7275547","ゑびす屋","〒606-0864 京都府京都市左京区下鴨高木町30-1 ",35.04441,135.775424,"京都市営烏丸線","松ヶ崎（京都府）駅","徒歩11",NA,"京都府",0,NA
"6032392","希望軒 伏見新堀川店","〒612-8373 京都府京都市伏見区毛利町38-1 ",NA,NA,"","","",NA,"京都府",1,3
"5654679","来来亭 十条竹田店","〒601-8033 京都府京都市南区東九条南石田町38-1 ",34.972959,135.761397,"京都市営烏丸線","十条（京都市営）駅","徒歩2",NA,"京都府",0,NA
"6273334","博多っ子","〒606-0816 京都府京都市左京区下鴨松ノ木町2-19 ",35.041365,135.770708,"京都市営烏丸線","北大路駅","徒歩2",NA,"京都府",0,NA
"5506667","新福菜館 天神川店","〒615-0901 京都府京都市右京区梅津南広町33 ",35.003525,135.714368,"京福嵐山本線","嵐電天神川駅","徒歩13",NA,"京都府",5,4.2
"5506657","ラーメン藤 本店","〒601-8033 京都府京都市南区東九条南石田町111-1 ",34.971028,135.760511,"京都市営烏丸線","十条（京都市営）駅","徒歩3",NA,"京都府",2,3.5
"7664963","麺屋 聖 kiyo","〒606-8184 京都府京都市左京区一乗寺払殿町48 コーポ吉沢",35.043282,135.783698,"叡山電鉄本線","一乗寺駅","徒歩5",NA,"京都府",0,NA
"7013401","豚骨野郎 本店","〒611-0042 京都府宇治市小倉町西浦88-60 ",34.892716,135.781032,"近鉄京都線","小倉（京都府）駅","徒歩1",NA,"京都府",0,NA
"7494000","京田辺カフェテリア","〒610-0321 京都府京田辺市多々羅都谷1-3 同志社大学京田辺キャンパス内",34.802981,135.771152,"JR片町線〔学研都市線〕","同志社前駅","徒歩9",NA,"京都府",0,NA
"6266346","第一旭 桂店","〒615-8024 京都府京都市西京区桂西滝川町63 サンベール桂1F",34.978841,135.711721,"阪急京都本線","桂駅","徒歩12",NA,"京都府",0,NA
"5506754","夜鳴きや","〒607-8131 京都府京都市山科区大塚南溝町36 ",34.979451,135.824314,"京都市営東西線","東野（京都府）駅","徒歩10",NA,"京都府",0,NA
"6926642","辛獅子 本店","〒604-8423 京都府京都市中京区西ノ京西月光町27-5 ライオンズ御前三条 1F",35.00866,135.736745,"京福嵐山本線","西大路三条駅","徒歩6",NA,"京都府",0,NA
"5553326","ラーメン荘 夢を語れ","〒606-8112 京都府京都市左京区一乗寺西杉ノ宮町48-1 ",35.046132,135.785905,"叡山電鉄本線","一乗寺駅","徒歩5",NA,"京都府",0,NA
"5506502","天下一品 白梅町店","〒602-8384 京都府京都市上京区今小路通御前西入ル紙屋川町1049-20 ",35.027399,135.733103,"京福北野線","北野白梅町駅","徒歩2",NA,"京都府",2,3
"7671911","キラメキノ太陽ーふくちやまー","〒620-0944 京都府福知山市南岡町411 ",NA,NA,"","","",NA,"京都府",0,NA
"0133485","博多っ子","〒607-8067 京都府京都市山科区音羽前田町52-12 ",34.986692,135.828641,"京阪京津線","四宮駅","徒歩13",NA,"京都府",0,NA
"7645676","町田商店 京都東インター店","〒607-8112 京都府京都市山科区小山中ノ川町11 ",34.984815,135.827152,"京阪京津線","四宮駅","徒歩14",NA,"京都府",0,NA
"5506866","きたろうラーメン","〒610-0343 京都府京田辺市大住中島24-1 ",NA,NA,"","","",NA,"京都府",0,NA
"7399276","麺匠 たか松 四条店","〒600-8091 京都府京都市下京区元悪王子町39-2 ",35.003411,135.761193,"阪急京都本線","烏丸駅","徒歩1",NA,"京都府",0,NA
"5506902","ラーメン跳満","〒629-2262 京都府与謝郡与謝野町岩滝2308-11 ",35.563231,135.152905,"京都丹後鉄道宮豊線","岩滝口駅","徒歩20",NA,"京都府",0,NA
"7617799","一風堂 京都ポルタ店","〒600-8216 京都府京都市下京区烏丸通塩小路下る東塩小路町902 京都ポルタ「東エリア」",34.986452,135.759389,"JR奈良線","京都駅","徒歩1",NA,"京都府",0,NA
"5636016","天天有 葛野大路店","〒615-0051 京都府京都市右京区西院安塚町87 ",35.000463,135.719947,"阪急京都本線","西京極駅","徒歩12",NA,"京都府",0,NA
"7371586","とりそば ささ","〒616-8176 京都府京都市右京区太秦乾町14-8 1F",35.019552,135.697507,"JR山陰本線（京都-米子）","太秦駅","徒歩8",NA,"京都府",0,NA
"6266344","らー麺創房 ぱこ","〒615-0047 京都府京都市右京区西院六反田町31-6 ",34.995492,135.725397,"阪急京都本線","西京極駅","徒歩11",NA,"京都府",1,3.5
"5506599","ラーメン藤 五条店","〒605-0846 京都府京都市東山区五条橋大東2-15-1 ",NA,NA,"","","",NA,"京都府",0,NA
"7626364","久御山 塩元帥","〒613-0022 京都府久世郡久御山町市田和気29-1 ",34.88816,135.752065,"","","",NA,"京都府",0,NA
"7355647","麺屋 龍玄","〒606-8116 京都府京都市左京区一乗寺宮ノ東町51-7 ",35.043702,135.790967,"叡山電鉄本線","一乗寺駅","徒歩4",NA,"京都府",0,NA
"5506528","第一旭 熊野店","〒606-8392 京都府京都市左京区聖護院山王町43-20 ",35.017718,135.777805,"京阪本線（鴨東線）","神宮丸太町駅","徒歩6",NA,"京都府",0,NA
"6412672","味の名門 総本家","〒600-8846 京都府京都市下京区朱雀宝蔵町13 ",34.990726,135.739362,"JR山陰本線（京都-米子）","丹波口駅","徒歩10",NA,"京都府",0,NA
"7666508","ラーメンムギュ vol．2","〒604-8146 京都府京都市中京区一蓮社町298-13（烏丸蛸薬師東入る）",35.006547,135.760279,"阪急京都本線","烏丸駅","徒歩3",NA,"京都府",0,NA
"5506588","天下一品 祇園店","〒605-0073 京都府京都市東山区祇園町北側新橋通大和大路東入ル2丁目清本町 ",NA,NA,"京阪本線","祇園四条駅","徒歩5",NA,"京都府",0,NA
"5506522","新進亭 一乗寺店","〒606-8111 京都府京都市左京区高野泉町6-73 ",35.046579,135.785001,"叡山電鉄本線","一乗寺駅","徒歩6",NA,"京都府",1,3
"6752854","一乗寺つるかめ","〒606-8182 京都府京都市左京区一乗寺赤ノ宮町22 ",35.042902,135.783266,"叡山電鉄本線","一乗寺駅","徒歩6",NA,"京都府",0,NA
"6272919","めん家","〒600-8845 京都府京都市下京区朱雀北ノ口町40 ",34.989296,135.740318,"ＪＲ山陰本線（京都-米子）","丹波口駅","徒歩3",NA,"京都府",0,NA
"6206573","山崎麺二郎","〒604-8462 京都府京都市中京区西ノ京北円町1-8 ",35.019481,135.731573,"ＪＲ山陰本線（京都-米子）","円町駅","徒歩3",NA,"京都府",2,4.5
"6167467","ラーメン亭ふく","〒625-0037 京都府舞鶴市浜町15-7 ",35.46831,135.392893,"ＪＲ小浜線","東舞鶴駅","徒歩2",NA,"京都府",0,NA
"6364922","しらかわ","〒606-8417 京都府京都市左京区浄土寺西田町63-1 ",35.027534,135.79129,"叡山電鉄本線","元田中駅","徒歩20",NA,"京都府",0,NA
"5506671","宝屋 西小路五条店","〒615-0046 京都府京都市右京区西院西溝崎町33-1-105 ",34.994378,135.725941,"阪急京都本線","西京極駅","徒歩10",NA,"京都府",1,3
"5506533","東龍","〒606-8275 京都府京都市左京区北白川上別当町1 第2青山荘 1F 6号",35.031681,135.791693,"叡山電鉄本線","茶山（京都府）駅","徒歩2",NA,"京都府",2,4
"5506815","天下一品 六地蔵店","〒611-0001 京都府宇治市六地蔵奈良町21-3 ",34.935514,135.797926,"京都市営東西線","六地蔵（奈良線・京都市営）駅","徒歩3",NA,"京都府",0,NA
"5714134","ラーメン大栄","〒602-0862 京都府京都市上京区出水町275 ",35.018821,135.769062,"京阪本線（鴨東線）","神宮丸太町駅","徒歩6",NA,"京都府",0,NA
"7401257","ラーメン こんじき 深草店","〒612-0029 京都府京都市伏見区深草西浦町4-56-1 第一ビル1F",34.960911,135.767877,"京阪本線","深草駅","徒歩8",NA,"京都府",0,NA
"5506837","来来亭 亀岡店","〒621-0011 京都府亀岡市大井町土田1-356-11 ",35.034861,135.550511,"ＪＲ山陰本線（京都-米子）","並河駅","徒歩6",NA,"京都府",0,NA
"5506743","庵","〒607-8133 京都府京都市山科区大塚中溝62-5 ",34.980829,135.82523,"京都市営東西線","東野（京都府）駅","徒歩10",NA,"京都府",0,NA
"7524691","ラーメン かえで","〒624-0853 京都府舞鶴市字南田辺87-6 ",NA,NA,"","","",NA,"京都府",0,NA
"6652251","熱烈らぁめん","〒625-0020 京都府舞鶴市小倉113-3 ",35.480982,135.427048,"JR小浜線","松尾寺駅","徒歩30",NA,"京都府",1,4
"7675823","らーめん 剛力","〒601-8391 京都府京都市南区吉祥院大河原町17-1 葛野ハイツ1F",34.983407,135.719945,"阪急京都本線","西京極駅","徒歩14",NA,"京都府",0,NA
"6272877","勝鞍","〒605-0074 京都府京都市東山区祇園町南側570 ",35.001989,135.776601,"京阪本線","祇園四条駅","徒歩24",NA,"京都府",1,3.5
"7476205","ラーメン こけし","〒603-8101 京都府京都市北区紫竹上堀川町15-12 ",35.056324,135.75077,"京都市営烏丸線","北大路駅","徒歩20",NA,"京都府",0,NA
"5676826","一風堂 錦小路店","〒604-8143 京都府京都市中京区東洞院錦小路東入ル阪東屋町653-1 錦ビル1F",35.004864,135.761349,"阪急京都本線","烏丸駅","徒歩3",NA,"京都府",10,3.5
"7683348","麺処 森元 久御山店","〒613-0034 京都府久世郡久御山町佐山東代1-3 ",34.875351,135.753948,"近鉄京都線","大久保（京都府）駅","徒歩27",NA,"京都府",0,NA
"6742099","びし屋","〒606-8113 京都府京都市左京区一乗寺東杉ノ宮町18-1 杉ノ宮ビル1F",35.046246,135.78647,"叡山電鉄本線","一乗寺駅","徒歩5",NA,"京都府",0,NA
"6744701","ぬくぬく亭","〒619-0200 京都府木津川市木津南後背98-1 ",34.736873,135.806838,"JR片町線〔学研都市線〕","西木津駅","徒歩6",NA,"京都府",0,NA
"5506628","ラーメン名人","〒600-8025 京都府京都市下京区清水町284-1 ",34.999501,135.768026,"連絡バス（［大阪］伊丹空港-京都）","河原町（京都府）駅","徒歩5",NA,"京都府",0,NA
"7068043","いろはラーメン店","〒612-8437 京都府京都市伏見区深草小久保町257 ",34.95197,135.763273,"近鉄京都線","伏見（京都府）駅","徒歩10",NA,"京都府",0,NA
"7714031","ラーメン あじくん","〒601-8337 京都府京都市南区吉祥院這登東町1-19 共栄ハイツ1F",34.971897,135.730667,"JR東海道本線（米原-神戸）","西大路駅","徒歩15",NA,"京都府",0,NA
"5506529","天下一品 銀閣寺店","〒606-8266 京都府京都市左京区北白川久保田町60-22(店舗裏、コインパーキング有り)",35.028767,135.788107,"叡山電鉄本線","元田中駅","徒歩17",NA,"京都府",0,NA
"5506639","大福ラーメン吉祥院","〒601-8367 京都府京都市南区吉祥院石原町22-4 ",34.964859,135.73036,"ＪＲ東海道本線（米原-神戸）","桂川（京都府）駅","徒歩23",NA,"京都府",0,NA
"7627820","天天有 四条烏丸店","〒600-8411 京都府京都市下京区水銀屋町620 COCON烏丸B1F",35.003081,135.759144,"京都市営烏丸線","四条（京都市営）駅","徒歩1",NA,"京都府",3,3
"5506655","ラーメン大栄","〒601-8045 京都府京都市南区東九条西明田町20 ",34.975986,135.75782,"京都市営烏丸線","十条（京都市営）駅","徒歩6",NA,"京都府",1,3
"6287270","麺や 新風館","〒623-0046 京都府綾部市大島町二反田19-1 ",NA,NA,"ＪＲ山陰本線（京都-米子）","綾部駅","徒歩25",900,"京都府",1,3.5
"5506878","らーめん楓々亭","〒629-2502 京都府京丹後市大宮町河辺3143-7 ",35.599857,135.087374,"","","",600,"京都府",0,NA
"7324486","らーめん 極","〒603-8153 京都府京都市北区長乗東町194-1 コーポ弘和1F",35.037623,135.756777,"地下鉄烏丸線","鞍馬口駅","徒歩4",1000,"京都府",0,NA
"7333318","中華そば東東","〒615-8223 京都府京都市西京区上桂前田町9 ",34.988597,135.699133,"阪急嵐山線","上桂駅","徒歩26",NA,"京都府",0,NA
"7659820","天下一品 久御山店","〒613-0036 京都府久世郡久御山町田井向野17-1 ",34.879936,135.736286,"","","",NA,"京都府",0,NA
"7097633","四川ラーメン 醍醐店","〒601-1431 京都府京都市伏見区石田大受町3-1-7 ヴィエントだいご1F",34.942017,135.810628,"地下鉄東西線","石田駅","徒歩7",NA,"京都府",0,NA
"7648518","麺屋 あまのじゃく 京田辺店","〒610-0334 京都府京田辺市田辺中央1-5-3 ",34.820993,135.770682,"JR片町線〔学研都市線〕","京田辺駅","徒歩2",NA,"京都府",0,NA
"5506728","ラーメン銀閣","〒612-8466 京都府京都市伏見区下鳥羽城ノ越町90 ",34.9422,135.745,"近鉄京都線","伏見（京都府）駅","徒歩25",NA,"京都府",0,NA
"5506775","どさん娘","〒620-0917 京都府福知山市野花784 ",35.332257,135.07557,"ＪＲ山陰本線（京都-米子）","上川口駅","徒歩8",NA,"京都府",0,NA
"5506817","平和園","〒611-0042 京都府宇治市小倉町老ノ木13-1 ",34.894969,135.78287,"近鉄京都線","小倉（京都府）駅","徒歩3",NA,"京都府",0,NA
"7269797","麺処むらじ 祇園本店","〒605-0084 京都府京都市東山区清本町373-3 ",35.005231,135.774505,"京阪本線","祇園四条駅","徒歩4",NA,"京都府",1,NA
"7055553","油そば 味の天徳 京都四条木屋町店","〒600-8001 京都府京都市下京区真町455 ",35.004353,135.770251,"阪急京都本線","京都河原町駅","徒歩1",NA,"京都府",3,NA
"5057057","来山軒","〒607-8495 京都府京都市山科区日ノ岡鴨土町40-15 ",34.996421,135.800693,"京都市営東西線","御陵駅","徒歩1",NA,"京都府",0,NA
"7278379","ラーメン 田中九商店 平等院店","〒611-0021 京都府宇治市宇治蓮華9-1 ",34.891433,135.806516,"京阪宇治線","宇治（京阪線）駅","徒歩5",NA,"京都府",0,NA
"7093930","おおの","〒615-0048 京都府京都市右京区西院南寿町18-2 メゾン・ラ・ソワ 101",34.996389,135.729502,"阪急京都本線","西院（阪急線）駅","徒歩12",NA,"京都府",0,NA
"5917403","麺や 賀ら茂ん","〒603-8408 京都府京都市北区大宮北椿原町26-1 ",35.055999,135.747596,"京都市営烏丸線","北大路駅","徒歩23",NA,"京都府",0,NA
"5506641","天下一品 九条店","〒601-8328 京都府京都市南区吉祥院九条町48 ",34.977908,135.733202,"ＪＲ東海道本線（米原-神戸）","西大路駅","徒歩5",NA,"京都府",1,5
"5506769","らーめん格別ヤ 福知山店","〒620-0933 京都府福知山市東羽合町117 ",35.293871,135.115499,"京都丹後鉄道宮福線","福知山駅","徒歩6",NA,"京都府",0,NA
"6395111","珍遊 河原町六角店","〒604-8034 京都府京都市中京区新京極通三条下る東入る松ケ枝町457-7 六角会館1F",35.007827,135.767957,"阪急京都本線","京都河原町駅","徒歩6",NA,"京都府",0,NA
"7500350","しみじみ 祇園店","〒605-0084 京都府京都市東山区清本町358 SKビル1F",35.005075,135.77547,"京阪本線","祇園四条駅","徒歩4",NA,"京都府",0,NA
"7681520","麺屋 勇三郎","〒613-0035 京都府久世郡久御山町下津屋鯛ケ鼻64-2 ",34.877858,135.734753,"","","",NA,"京都府",0,NA
"5506823","サッポロラーメンどさん娘","〒626-0041 京都府宮津市字鶴賀2061 ",35.535965,135.199016,"京都丹後鉄道宮福線","宮津駅","徒歩3",NA,"京都府",0,NA
"7064336","丸源ラーメン 京都南インター店","〒601-8131 京都府京都市南区上鳥羽鴨田25-1 ",34.962843,135.745404,"近鉄京都線","上鳥羽口駅","徒歩11",NA,"京都府",0,NA
"6121326","天下一品 京極店","〒604-8042 京都府京都市中京区新京極四条中之町538 ",NA,NA,"","","",NA,"京都府",2,3.25
"5506642","天下一品 八条口店","〒601-8416 京都府京都市南区西九条池ノ内町104 ",34.984227,135.753364,"","","",NA,"京都府",1,5
"7234883","越後秘蔵麺 無尽蔵 MOMOテラス店","〒612-8002 京都府京都市伏見区桃山町山ノ下32 MOMOテラス1F",34.937042,135.795032,"京都市営東西線","六地蔵（奈良線・京都市営）駅","徒歩5",NA,"京都府",0,NA
"7493982","京都拉麺 信長 四条河原町店","〒600-8567 京都府京都市下京区四条通河原町東入真町68 住友不動産京都ビル FOOD HALL 7F",35.003572,135.76982,"阪急京都本線","京都河原町駅","徒歩1",NA,"京都府",0,NA
"7134924","K","〒602-8316 京都府京都市上京区片原町513 ",35.029897,135.739672,"京福北野線","北野白梅町駅","徒歩11",NA,"京都府",0,NA
"7224180","麺毅家","〒604-8812 京都府京都市中京区壬生相合町32 ",34.999969,135.747309,"連絡バス（［大阪］伊丹空港-京都）","四条大宮駅","徒歩6",NA,"京都府",0,NA
"7543610","博多火炎辛麺 赤神 京都店","〒604-8034 京都府京都市中京区松ケ枝町456-4 ",35.007508,135.768201,"阪急京都本線","京都河原町駅","徒歩6",NA,"京都府",0,NA
"7249289","セアブラノ神 伏見店","〒612-8432 京都府京都市伏見区深草柴田屋敷町23-27 ",34.946315,135.76187,"近鉄京都線","伏見（京都府）駅","徒歩1",NA,"京都府",0,NA
"6316620","幻の中華そば加藤屋 百万遍にぼ次朗","〒606-8301 京都府京都市左京区吉田泉殿町1-90 ",35.028464,135.778505,"京阪本線（鴨東線）","出町柳駅","徒歩7",NA,"京都府",0,NA
"7373527","天橋立 くじからラーメン","〒626-0001 京都府宮津市文珠640-41 ",35.557636,135.183433,"京都丹後鉄道宮豊線","天橋立駅","徒歩1",NA,"京都府",0,NA
"7637753","天天有 祇園店","〒605-0073 京都府京都市東山区祇園町北側297-1 ",35.004406,135.777306,"京阪本線","祇園四条駅","徒歩6",NA,"京都府",0,NA
"7135615","ラー麺ずんどう屋 京都三条店","〒604-0996 京都府京都市中京区石屋町121 ",35.008255,135.770865,"京阪本線","三条（京都府）駅","徒歩2",NA,"京都府",1,NA
"7672782","麺処むらじ 室町店","〒604-8156 京都府京都市中京区山伏山町536 ",35.006091,135.758007,"阪急京都本線","烏丸駅","徒歩4",NA,"京都府",0,NA
"6359143","新福菜館 府立医大前店","〒602-0855 京都府京都市上京区上生洲町197-6 ",35.021276,135.770342,"京阪本線（鴨東線）","神宮丸太町駅","徒歩6",NA,"京都府",0,NA
"6272880","豆乳ラーメン専門店「豆禅」","〒606-0865 京都府京都市左京区下鴨東高木町13-4 ",35.043576,135.776057,"京都市営烏丸線","松ヶ崎（京都府）駅","徒歩12",NA,"京都府",1,5
"7136595","セアブラノ神","〒604-8812 京都府京都市中京区壬生相合町25-4 デイスターアベニュー1F",35.000578,135.746836,"京福電気鉄道嵐山本線","四条大宮駅","徒歩6",NA,"京都府",0,NA
"6364921","鴨町らーめん","〒606-8204 京都府京都市左京区田中下柳町12 鴨町らーめん",35.028689,135.773111,"京阪本線（鴨東線）","出町柳駅","徒歩3",NA,"京都府",0,NA
"6491388","水協食堂","〒624-0855 京都府舞鶴市北田辺179 ",35.456544,135.32653,"北近畿タンゴ鉄道宮津線","西舞鶴駅","徒歩23",NA,"京都府",0,NA
"7679831","麺処むらじ 先斗町店","〒604-8015 京都府京都市中京区鍋屋町232-12 B1",35.004403,135.771156,"阪急京都本線","京都河原町駅","徒歩1",NA,"京都府",0,NA
